attraction_in,attraction_longitude,attraction_latitude,attraction_in_file,youTubeLinkIds
San Francisco,-122.4192362,37.7792808,san_francisco.json,"51umRiOZLe4,kIp21LwH_Pk,oi2o2r3Sgc0"
Sausalito,-122.4854693,37.8590272,sausalito.json,"yiJaf9TcC38,IF4urVZTyxI,5xjh0nFwdig"
Mill Valley,-122.5449762,37.9060368,mill_valley.json,"r0jIklsszOA,HBvSnxNl3UY,MKjWk_82Vio"
Muir Beach,-122.5813666,37.8621493,muir_beach.json,"6vWrScekQ7s,3ATaqpkHA4I,h8ruCYD0umY"
Marin County,-122.6199637,38.0409144,marin_county.json,"NnwhAW0gJFc,cDWAcZ70OR0,SFyMlxYHdX0"
Stinson Beach,-122.64508,37.9008084,stinson_beach.json,"y8MNfNaNyi8,gYpo8lhqwG0,xEfmjaDOHck"
South San Francisco,-122.408125,37.6549493,south_san_francisco.json,"51umRiOZLe4,IF4urVZTyxI,Oo6iAxf4si0"
San Bruno,-122.4110834,37.6304904,san_bruno.json,"9x-_JQvYCbA,K9L8KWMAXsI"
Millbrae,-122.3871941,37.5985468,millbrae.json,"VeBH_Xzh2xY,ZgNAM69mPVM,ScvDWVkZj90"
Burlingame,-122.3660824,37.5841026,burlingame.json,"mgO8xSLWB10,EsXidnZ9rQE,ZOeqFezN5Mw"
San Mateo,-122.3330572,37.496904,san_mateo.json,"ce_6otfqLnA,oi2o2r3Sgc0,BD-ba9D0sfw"
Foster City,-122.2688521,37.5600336,foster_city.json,"dQg5Zhp4DVs,K9-V0CxLPJA,hytRoPOMh9I"
San Carlos,-122.266149723864,37.4982065,san_carlos.json,"gUF2m0MYCFA,kuhJyqO4VF8,-dJU4ZpeW8g"
Belmont,-122.2758007,37.5202145,belmont.json,"hfYVIHUmRSg,8kODWDoD0sw,mI_sIqbzuEQ"
Woodside,-122.2538556,37.4299388,woodside.json,"sF2XXNY2InM,tN5LUwGjw4E,PTnut9BPJZA"
Mountain View,-122.0820499,37.3855745,mountain_view.json,"9VU8q7Kg_uw,JgoInfWNvDU,LpgoeCpxU1M"
San Jose,-121.8905832,37.3361905,san_jose.json,"Bcs-4Y-49-8,T2apzECdcBQ,DL0HWGQzT-k"
Santa Clara,-121.9551743,37.3541132,santa_clara.json,"f4H1QfEesnQ,M9yoLMNF1dE,vRwroRXkUa4"
Sunnyvale,-122.0363495,37.3688301,sunnyvale.json,"-89tMr3t9uc,b5HSEc216_A,OJf4TUjZW7Q"
Alviso,-121.9752372,37.426051,alviso.json,"b6S6EvwfwQI,IczQHhtKs_k,3jGxq9o_Xtg"
Morgan Hill,-121.6544973,37.130408,morgan_hill.json,"CekPWrQWyi4,-JU9ggnX3_A,1eiQ-rZly8s"
San Martin,-121.594504497603,37.089655,san_martin.json,"MA-6ahTzoEU,wLhTTfSIKuo,xM4HL-yulKk"
Mount Hamilton,-121.6430016,37.3418834,mount_hamilton.json,"VJMpkhdOT5I,lDoLLhswOwY,KZDaOYAdvRs"
Gilroy,-121.5631722,37.0065078,gilroy.json,"8L8c-aIKH-o,z9PXX8hU8k8,xYmCAlJr-bg"
Milpitas,-121.9066237,37.4282724,milpitas.json,"q4AdxAqZWyQ,Sf9CAnd_Kuw"
Sunol,-121.8885682,37.5943781,sunol.json,"Dn9wuA-TEEY,lndxxa1vDLY,voAFmyM3NGw"
Fremont,-121.9885718,37.5482697,fremont.json,"tpSNk4oylXY,P0557v4M0PQ,VHSs812FCOA"
Hollister,-121.401602,36.8524545,hollister.json,"YUADJqE2RcM,j0qYi95HPlY,Ya44efzS3cY"
San Juan Bautista,-121.5379893,36.8455173,san_juan_bautista.json,"tjmTwg6x9e8,E5uwTsBEIIE,SsyPZ0lykJI"
Pleasanton,-121.8746788,37.6624312,pleasanton.json,"Tp24Wlx6Fmc,vrh_L6GSBH8,gaTiTTUW0DM"
Union City,-122.0816296,37.5963232,union_city.json,"iZJDG1vF7qk,3DeGaPcg6fc,Uvy_m-D73H4"
Hayward,-122.0807963,37.6688205,hayward.json,"oi2o2r3Sgc0,XtRS1UEIvkE,raBQZj-R0b0"
Palo Alto,-122.1634471,37.442156,palo_alto.json,"x6lJIwmNwos,Pi1Y6efZUIY,law7od3DAvA"
Salinas,-121.6550371,36.6744117,salinas.json,"bnzFA2xNc7A,wvdc8S1WoE8,qyiDBG11akA"
Dublin,-121.9357917,37.7021521,dublin.json,"RFDTyam_Ijc,3iRh8dKu99A,DiRLZUCpdbg"
Stanford,-122.170187551249,37.4265649,stanford.json,"-uLA8nj4iz4,6B9X2-qPszc,ym4uVS-5tSA"
Menlo Park,-122.182187,37.4538274,menlo_park.json,"VdfvAySRUkc,3SpksEiNT3I,MUnWxguLTRc"
San Ramon,-121.9780152,37.7799273,san_ramon.json,"nnd0NVqe1E4,uCZi28mqraI,Ls0eM10UWu4"
Danville,-121.9999605,37.8215929,danville.json,"MWi-GB2PM1Q,HBY0WHWJzSw,exXuByWe5VY"
Atherton,-122.1977429,37.4613272,atherton.json,"YGuH0Zuivbc,mHmey3SM9y4,e_pBUOeE8j8"
Cupertino,-122.0322518,37.3230107,cupertino.json,"3VaC3LsMWqE,7QJsfllDuNU"
La Honda,-122.2741351,37.3191086,la_honda.json,"kolSdOy12kA,lT1iS0BjBAY,l7zIZYDraUQ"
Oakland,-122.2713562,37.8044557,oakland.json,"4cUVH71rQtk,vk516Cq4ulY,50RZpphkZkQ"
St. Helena,-122.4700423,38.5052288,st._helena.json,"Gwy110olRi8,tzVmpjdytsY,PsJwIQ6u2Iw"
Rutherford,-122.4224789,38.458521,rutherford.json,"Hfbq2Z0w8a0,0z8oUNSA2Dk,suO_6TUMvKc"
Saratoga,-122.0230145,37.2638324,saratoga.json,"1CubD-irjxU,rp2I3jJi5DA,k4593eSu_Ik"
Los Altos,-122.1165779,37.3790629,los_altos.json,"O9W-EMhiMF8,tzfUcDBTaXQ,p17DEYaVj7E"
Los Gatos,-121.9746796,37.226611,los_gatos.json,"iIb_BY4xBdI,WSV5Y6qEVmE"
Pescadero,-122.3821926,37.2516018,pescadero.json,"ATsApt9HR2A,xEfmjaDOHck,VK9EWucAjlE"
Felton,-122.0732905,37.0513364,felton.json,"jqPwS9jSoW4,h4RfsbkEQZE,GCWaBPnZ0LA"
Boulder Creek,-116.6881243,32.9726949,boulder_creek.json,"K5a7Bgc73yM,IgxfOhqlIrA,rctSHp8j1tM"
Castro Valley,-122.090287657374,37.715818,castro_valley.json,"HqUnbr-JYEw,C7kS3rv6u8c,UNnSDVfoLfE"
Alameda,-121.8991419,37.6090291,alameda.json,"exrEaZNtvMM,_JLGz1ownac,FP_jSU6PfXQ"
San Leandro,-122.1560767,37.7249296,san_leandro.json,"e331w_lFzdA,-hGmeofDUKQ,So5ypvK9OOY"
Napa,-122.2855292,38.2971367,napa.json,"-F-b3VCMizs,6WLxVcrzIUY,0nN_KyLZoCs"
San Gregorio,-122.3865766,37.3269168,san_gregorio.json,"Hppw5MBrQMk,GwEqdCxK2tQ,xEfmjaDOHck"
American Canyon,-122.2608043,38.1749179,american_canyon.json,"imWMpqqFFF4,jtrF479Dzj4,Ttsw37UkZ48"
Vallejo,-122.2566366,38.1040864,vallejo.json,"jzHyvXDP1v4,VWj332N4DC8,1igg0EbHksA"
Benicia,-122.1585776,38.049365,benicia.json,"zmgIS9bh2Y0,PYAHMzpYvPA,gwQ_kxxpmNE"
Sonoma,-122.8473387,38.5110803,sonoma.json,"76Dj9hqY4kY,IF4urVZTyxI,5j8Jf7u8S1Y"
Martinez,-122.134132,38.0193657,martinez.json,"NwcaFUGAQOU,Ic76QuFskME,VCoiu_u9KUA"
Pleasant Hill,-122.0607962,37.9479786,pleasant_hill.json,"u7zGOCxOhHw,Lc8m727Uz2s,SslGrL3mZ14"
Oakville,-122.4022006,38.4368549,oakville.json,"GOiLptV6CBo,UjzC44-1Fhs,ttYBjV6fEd8"
Walnut Creek,-122.0649629,37.9063131,walnut_creek.json,"9ikNETzwEwQ,UivtB7nOgaw,OLkEbqGWo40"
Calistoga,-122.583325948608,38.582615,calistoga.json,"X7IMhhxMbjc,6WLxVcrzIUY,sh7emkKhGbI"
Glen Ellen,-122.5390728,38.355533,glen_ellen.json,"eB501oYvFIg,GN-G0z5Tgfk,k70xBg8en-4"
Santa Rosa,-122.7144313,38.4404675,santa_rosa.json,"6ZhCLNBazTQ,cZnwxD6N6Oo,pMAd7qgmmd0"
Fulton,-122.7699885,38.4962997,fulton.json,"VwXUFEPZ5_g,9fwPAjYICog,Js2PqXN0iks"
Kenwood,-122.5460934,38.4138005,kenwood.json,"8HJzkjwGhzQ,j7MbKcj17SY,mwIp3S8L7-8"
Windsor,-122.804427291464,38.519758,windsor.json,"_ytqC0C4iFo,cVi2h3OeeAc,0w0tXxTiD2I"
Guerneville,-122.987128549631,38.5116609,guerneville.json,"8UTa_I1_v2w,qys0Vx_77EU,kVKQ63IwA2s"
Monte Rio,-123.019645539318,38.466359,monte_rio.json,"lUXhnBCrOa4,mzc7yPSiuPM,cZnwxD6N6Oo"
Bodega Bay,-123.0061117,38.273529,bodega_bay.json,"ZOUB-Xkl5c4,QNMXIRS0ipo,Bu7NP9MCYec"
Healdsburg,-122.8701379,38.6106812,healdsburg.json,"fdn9tqlAlbk,nO9NiK7k4T0,LKLPfx7e4z0"
Duncans Mills,-123.0550012,38.453803,duncans_mills.json,"vHLzK-m6sA8,KsYjALAQl0A"
Forestville,-122.861584174866,38.4833405,forestville.json,"-KQdio7pYvg,wtk_uEoLFEU,n1thz3sMcEo"
Sebastopol,-122.8238805,38.4021359,sebastopol.json,"7X_Yqnq_oWs,_CX1Qg0z2NI,IHNrKSCAekc"
Geyserville,-122.9024963,38.707687,geyserville.json,"CtIz8XRRGiE,oj6YrR1iNbg,HsH6HwAPWF8"
Rohnert Park,-122.7010983,38.3396367,rohnert_park.json,"5jSXcey8aZ8,5kMd_oWxZuE,Dn4yIgxpyqk"
Yountville,-122.3608104,38.4015781,yountville.json,"egdonyLY-pQ,giaKFTn93zQ,usiwP00tR1g"
Angwin,-122.448651445455,38.5783555,angwin.json,"n_nmwHHRzDo,Emc1fQgYLzk,ZhpyrQNewhw"
Deer Park,-120.8232691,38.6818484,deer_park.json,"3ICP7RhRkKM,l79a91t9i-U,jX02jMs92Nc"
Pope Valley,-122.4277569,38.6151837,pope_valley.json,"nepPhakp-RA,hQr3HBIC-KE,H5Fez5zUdVo"
Redding,-122.3916753,40.5863563,redding.json,"S4tC92I7UJk,NgHG3J6Wk64,fIV-FfvjvTQ"
Redwood National Park,-124.030095146171,41.27553155,redwood_national_park.json,"hytRoPOMh9I,Ye0_X6bH6Ek,nHGHkOIB7og"
Orick,-124.0597936,41.2867896,orick.json,"BSy9Kt0m9wA,GE4t4EFmlyU,inlxEo95oNk"
Eureka,-124.1636728,40.8020712,eureka.json,"33BejpTI1O0,gUPRNAsZxRk,4QbhzhzmNJ0"
Crescent City,-124.149861883096,41.8528065,crescent_city.json,"eQNKy4MFu_E,RZq1gjMM-ss,r5y91IlrHBA"
Weott,-123.9226033,40.3214878,weott.json,"ZTY2_dfOiMA,Do62AUwBijE,j4Q3LjKDNbM"
Myers Flat,-123.8703145,40.2662524,myers_flat.json,"8cOBAtgwOjE,9bEiv47XGN8,aTkvIAOYDp4"
Redway,-123.822705490154,40.12179,redway.json,"8ze9gUSzfvE,4lwB5_l7KPA"
Redcrest,-123.950042,40.4004168,redcrest.json,"4emdD53iUAE,ZTY2_dfOiMA,VwtUcp8e-gg"
Garberville,-123.7961393,40.1005685,garberville.json,"j4Q3LjKDNbM,IviEzd02EKE,hiqcD-MDcAI"
Leggett,-123.7141883,39.8657071,leggett.json,"UlOVB_cj_t0,iv2162nClN4,3pMCIIUCQcM"
Rio Dell,-124.1064368,40.4993013,rio_dell.json,"ZE-3S1w1ESM,mSdv7YNMLn0,KTKiE040Dg4"
Carlotta,-124.0606038,40.537357,carlotta.json,"zRHCHzaULpY,1IYxTPz6nXM"
Piercy,-123.794251,39.9662625,piercy.json,"Nd_BiGYqylM,IIKd7zFsdkU"
Ferndale,-124.2639441,40.5762406,ferndale.json,"4pZB1NzCyDg,2NmyjMB0oW4,vJ7DckJOerA"
Fortuna,-124.156034,40.5974067,fortuna.json,"CS0k0ZSWYFo,TepVj43ax-8,3MhbsXTkZiQ"
Loleta,-124.2244728,40.6408678,loleta.json,"uQJd445n1ic,uvkSR-rgU6E,oeKFGsmxGiY"
Smith River,-124.1470273,41.9281678,smith_river.json,"y3fgUzcZIWE,JIBLxXl2Rz4,DZYXADCkfT8"
Samoa,-124.1864517,40.8187372,samoa.json,"3yzwZ72Kft4,uXZWq9VpMQs,atoUaGM94FM"
Trinidad,-124.1431245,41.059291,trinidad.json,"JfDHwKIG_qs,L7sgQl_qQy4,DHgioHUR6rQ"
Blue Lake,-123.9839487,40.8829072,blue_lake.json,"iBCu2M1iCNA,JgoInfWNvDU,wETgdf9FM-4"
Arcata,-124.0828395,40.8665166,arcata.json,"PcUX3lZ6gqo,KQM3IjS0mcM,BaYNR2xmcps"
McKinleyville,-124.102789674524,40.966005,mckinleyville.json,"FPdueV3l0SE,obrmL69ektM,cLPqcWOxCxc"
Whiskeytown,-122.5597372,40.6387601,whiskeytown.json,"S4tC92I7UJk,NgHG3J6Wk64"
Lakehead,-122.3791776,40.90515,lakehead.json,"nALohWVFjH8,CxIGcWMJ1IU,BMBG8q-kwmg"
Shasta Lake,-122.3626506,40.6799638,shasta_lake.json,"fIV-FfvjvTQ,aCI1wXH7KBw,7pv9x4rhSlY"
Lassen Volcanic National Park,-121.404335848657,40.49138385,lassen_volcanic_national_park.json,"SDkpRbrNk8M,WJ1YDcGxz2c"
Mount Shasta,-122.3105665,41.3098746,mount_shasta.json,"fIV-FfvjvTQ,P7SRtvN-ovU,6svne7Ah-xM"
McCloud,-122.135266242664,41.2497685,mccloud.json,kLhBpVTU7Rk
Dunsmuir,-122.2719528,41.2082089,dunsmuir.json,"4cUVH71rQtk,9xebMvPWEK8,zGIUDtGwNJ0"
Castella,-122.3177876,41.1384854,castella.json,"bwFrqBU94_k,nQkkO_uM3Wg,dT73i3ogtYg"
Cassel,-121.5477608,40.9190499,cassel.json,7ZAL_V-NsX0
Mineral,-121.5949803,40.3476588,mineral.json,"GOAqMw13gdg,JFmJ6fDebBc,DjPv6uKLSPY"
Fall River Mills,-121.441177633828,41.004556,fall_river_mills.json,"T1b3U6cahEI,jbe_ZbUazBk,in2XWiPb3CY"
Hat Creek,-121.4682867,40.6173462,hat_creek.json,"af2oTqExKgE,4gFEmAsS2Og,_-XNNuZUzOs"
Old Station,-121.4308104,40.6751608,old_station.json,"OvXGh_Pv6qg,htkZfQLK514,OZbWtUe5B3Q"
Burney,-121.672782520342,40.8884145,burney.json,"fIV-FfvjvTQ,0giLgFhuh_0,7dC64v3fMFQ"
Susanville,-120.6530062,40.4162842,susanville.json,"XcvMmzM8Izg,fcYUUQDHkyk,bD3zbSL-sgY"
Westwood,-121.010399151458,40.3024675,westwood.json,"wxKRKFx104o,EB3JVuqUMtM,5BrJlfAO3rU"
Quincy,-120.953573847289,39.9309945,quincy.json,"sOn-0y8Y6XE,Y-K3U4ArRaY,lE1TqeU-os0"
Taylorsville,-120.839943709363,40.0632855,taylorsville.json,"FvIL52BKBdM,5onrOsKn94s,DTJUL1cu3AA"
Portola,-120.4691033,39.8104567,portola.json,"1WL0FDho6UQ,qdyRVfixF74"
Blairsden,-120.60878036923,39.7753335,blairsden.json,"_idqQvojboE,NWMMspGe8cw,tjXcL2mhs0M"
Graeagle,-120.64844570134,39.7533435,graeagle.json,"tjXcL2mhs0M,2Jx1ce7RPIY,yNgFi0b-Fsc"
Clio,-120.565078536214,39.7495505,clio.json,"HTsbUPWyOog,NUZjBQbs92I,EgPrZfRF5iY"
Los Angeles,-118.2439408,34.0543942,los_angeles.json,"jtrF479Dzj4,Vc5jSKOsgCA,bTvr_2v-0HI"
Sierraville,-120.36743,39.5896256,sierraville.json,"CZscC8y8CbU,p_VrrCIkIgQ"
Soda Springs,-123.3158409,39.0240651,soda_springs.json,"w6hoHA_pF4s,m1HmJqgtJB0,bFv8bT1ljOw"
Norden,-120.3572124,39.3178273,norden.json,"KC3uOtKE_yY,s3KRguQuFZs,ij8idpL2knk"
Sierra City,-120.6338272,39.5657329,sierra_city.json,"-FkGsFtbRvk,peOmaIgEWVs,CyzAQ0ie9yA"
Beverly Hills,-118.4003562,34.0736204,beverly_hills.json,"xo1ydCntmOs,cielCwd83x8,bTvr_2v-0HI"
Marina del Rey,-118.4508017,33.9774017,marina_del_rey.json,"tYhnAav0-Bo,VdBrPn_fpb8,FrxVqsQFuag"
Truckee,-120.1832532,39.327962,truckee.json,"LLS2LDuI9uo,h04Q9WuuzbU,ITU_WFTzkKg"
Culver City,-118.3964664,34.0211224,culver_city.json,"XoaviTbT--k,07Nzdw6Gg6w,ms4NxXnPHPY"
Newhall,-118.5291916,34.3798765,newhall.json,"djr5tt1TsQ4,3anY2z0bxP8,rsNe2HHUVzQ"
South Lake Tahoe,-119.987846390157,38.929125,south_lake_tahoe.json,"9xsZuUG469w,i_KpX1D6QWA,vwe3QnSVTmU"
Santa Clarita,-118.5425859,34.3916641,santa_clarita.json,"1zcf_dgeFhs,_o9j9Zrj42A,3xWgcVv5n3U"
Castaic,-118.6228655,34.4888822,castaic.json,"PEa6NXM2SAs,0u3sx522moA,Txj3FuuRg9g"
Bell Gardens,-118.1514587,33.9652918,bell_gardens.json,"WBdyvbXs2aA,ENztAAQKXvM,7sVuwQOSxDs"
Gardena,-118.3070891,33.8883302,gardena.json,"EEIvpWVYppI,JPZN6V1uaic,FinPIcUA3OU"
Compton,-118.2260433,33.8948824,compton.json,"H6aJP1TmYcg,-d1JVbf7Wd4,sty9dGG8JY4"
Saugus,-118.5168256,34.4493489,saugus.json,"uHUn2KcUccU,INB129BXsiE,mvD5E_IBKNM"
Paramount,-118.1707029,33.8984873,paramount.json,"U8XPqDTyPro,q-Dz_FngKCo,UMJW-V-Gmb4"
Hawthorne,-118.3477941,33.9113109,hawthorne.json,"87uETsrePyM,ayT21TmbXWg,OFWtf0ghSyk"
Bellflower,-118.1167678,33.8825705,bellflower.json,"RF12mYz2O7M,01BVkXRmqS0"
El Segundo,-118.3829549,33.9122175,el_segundo.json,"jtrF479Dzj4,4A4u1wpNJhk,lum-Wq8FtIY"
Inglewood,-118.353131,33.9616801,inglewood.json,"6q65OvNWHPw,mB79HlsiYVg,-Cl0qEsqgME"
Tahoe City,-120.138803,39.1721291,tahoe_city.json,"UjJuK-4iA9w,kvQP-Rp2Bhs,nMRc9JeG8Eo"
Lakewood,-118.1171913,33.8503463,lakewood.json,"33RLVitmJOM,6cbunx8A-xI,j_juxC1WVME"
Burbank,-118.3258553,34.1816482,burbank.json,"P-IjNfRM9uY,eaWfyBR8wyU,lOHD_p4eDMo"
Long Beach,-118.158049215311,33.78538945,long_beach.json,"5tEAcOwYmNY,TYaK8VYTqZs,jPy5V0OfhSY"
Calabasas,-118.6440972,34.1446643,calabasas.json,"0PzYTSJcQdg,30jSLxKApnM,PIwCA0N20cY"
Catalina Island,-118.424154004558,33.3890232,catalina_island.json,"fu9VhOMYYlQ,s-uLCchHcNs,H8bYcZun6Ls"
West Hollywood,-118.3617442,34.0900091,west_hollywood.json,"gv7C9xE8a9I,i1myxXtNIyg,ML3GNhhniQo"
Los Alamitos,-118.0772432,33.8038865,los_alamitos.json,"7cRtvHNrl3E,5Oa3ESvuDXo,Yjp_21NJv2o"
Newport Beach,-117.92944,33.6170092,newport_beach.json,"VeHL42qqVRI,QSzaQYmCrg0,MQrmNN13NJ4"
Santa Monica,-118.4869738,34.0195598,santa_monica.json,"X6yt8-BKXsE,gxxDKST5wpI,kkQrPjL20nA"
Glendale,-118.248367,34.1423455,glendale.json,"NHF_zr-MLcQ,7GC1VLmJkWQ,eaWfyBR8wyU"
Malibu,-116.5023561,33.7932142,malibu.json,"hcjVLL-kIkQ,k1hePp0blIA,gv7C9xE8a9I"
Topanga,-118.5970195,34.0908165,topanga.json,"M6UUPxXyNS8,LTweCWM2djQ,WEcsb2hkOyg"
Westlake Village,-118.8056473,34.1458389,westlake_village.json,"heUIqPNK9BQ,FQVfgwFeZfY,HKzO0S_87Xo"
Agoura,-118.7381106,34.1430352,agoura.json,"8rbimyczy3Q,GavMj-A_jqI,rO3rN58txVM"
Simi Valley,-118.7814819,34.2694474,simi_valley.json,"B6K9u0QOTrQ,2MNm7VxZMRI,8tL4sjHQSTk"
Fillmore,-118.9125092,34.3985613,fillmore.json,"OoVBWGIwCQ4,UascVHczwh0,ozS5Vuf3TIY"
Moorpark,-118.8820413,34.285558,moorpark.json,"icKygOunuDM,3nLLeiYcMeY,2TFJjsRFcBw"
Thousand Oaks,-118.910587629744,34.17142715,thousand_oaks.json,"fbWUX5ffvDY,zL4WXOKd7GM,G96avQpRULs"
Santa Paula,-119.0592704,34.3541659,santa_paula.json,"aXAKU0Yd7S0,-89tMr3t9uc,iIb_BY4xBdI"
Newbury Park,-118.9106524,34.184172,newbury_park.json,"w54OGvnrYxg,ytJFyU9JsXU,hOuyHHwsFTk"
Camarillo,-119.0376023,34.2163939,camarillo.json,"gNNiJnxMJXk,PBtW8H0TYBU,d3d1saTupoI"
Somis,-118.9962123,34.2572261,somis.json,"lQHlZoB1Yjw,qV9qvhf0Qok,5asta0f3cNY"
Ventura,-119.310582204204,34.364744,ventura.json,"RcLEncdAVis,fNwKw2DTHwQ,q8zsczRMm5o"
Ojai,-119.2428889,34.4480495,ojai.json,"YQQ805QFT8k,MqxoJbD8Hqw,c93SNzQlwyw"
Frazier Park,-118.957762768551,34.8115546,frazier_park.json,"EUeirkf2nDE,AfybL4KaB9w,Kg_X1I1vckY"
Pine Mountain Club,-119.168961537075,34.843156,pine_mountain_club.json,"y5XvHBCalOM,eW12RytOOfc,baOzEGngC40"
Arvin,-118.8284309,35.209129,arvin.json,"dw7yRGWYbZ4,hjKQqGsUQxo"
Gorman,-118.8535679,34.7942511,gorman.json,"sO4rHTL2Wms,7GnkCu8Igg0"
Lebec,-118.892844953761,34.8401975,lebec.json,"NvkM1nb1DLQ,VEkl7Sx6HcY,-ivZjHuTkD4"
Lake Hughes,-118.4487111,34.6774576,lake_hughes.json,"AvnjqgXimx8,4RAAUa5ijDI,9OUtlDdpz0A"
Oxnard,-119.1803817,34.1976308,oxnard.json,"WV_wwAZXk4g,ghsNwdhPnac"
Port Hueneme,-119.1951073,34.1477829,port_hueneme.json,"NP-uvESmIpY,ccK8pQsAjSY,9K2r5TZmRH8"
Piru,-118.7939823,34.4152743,piru.json,"nLOvfw7CanY,T5lVSh7ASNE,plKrZKl3xR0"
Agoura Hills,-118.7745347,34.1363945,agoura_hills.json,"8rbimyczy3Q,GavMj-A_jqI,rO3rN58txVM"
Manila,-124.1622855,40.8517929,manila.json,"1ZhIi8EX984,M0a9ePIhLDU,ZdQSWTztmFU"
Cantil,-117.968403,35.3088502,cantil.json,"uVmvbpy5E2o,ccCBh1T-gLI"
Boron,-117.668060165467,35.0199035,boron.json,"oKPO-DGvLRE,W2_sGGkaNho,pevy38vwvhQ"
Ridgecrest,-117.6699413,35.6225064,ridgecrest.json,"dSExeOf0Ajw,nf--RXS68Mg,v47m9jQ57nc"
Edwards,-117.9350682,34.9260827,edwards.json,"PinYkmo_X8E,RQmgmIqUrrM,UmwabxWn_jk"
Rosamond,-118.1634074,34.8641446,rosamond.json,"kUyhtWwm4Bc,J_b59nX5cZg,oO8s7OgoIKk"
China Lake,-117.6617299,35.6507888,china_lake.json,"h39cTjDDRnw,RqQ0zqyp6_g,cbGx_00xM0E"
Lancaster,-118.1366152,34.6981064,lancaster.json,"JskBa-3PZf4,c1SIuQDmW9Q,OBmOK6IG-Lo"
Trona,-117.3728345,35.7627322,trona.json,"1DwMiT_LAks,A-amSgxv6CY,XMkPZBbqjAA"
Littlerock,-117.987393496953,34.5213675,littlerock.json,"0WlNVj_KhtI,y7ZNNG4nWVE,KKkBY4mosF4"
Pearblossom,-117.909788,34.506383,pearblossom.json,"_qBjTQKKnOg,mvoE-ZLMGSw,pl0LMMJV4kU"
Palmdale,-118.1171107,34.5793131,palmdale.json,"tjFqmidggN8,-l-JSogNZZc,qErB3nfgb8M"
Azusa,-117.9056045,34.1338751,azusa.json,"oQiHk-FNXFU,ojIKarxqYHI,tsd_8cTqo-s"
Glendora,-117.8653389,34.1361187,glendora.json,"uWIQz_vvx18,twisX-1i4_c,sJA_4td6VV8"
Wrightwood,-117.627599739034,34.3583535,wrightwood.json,"DfeDuvfFT-M,GXDgEEEwGuw,95Cb_adRCs4"
Mount Baldy,-117.6600552,34.2361168,mount_baldy.json,"viU5WEdfsVk,wkaqQ6hLuQY,mHovzNxnP5c"
Covina,-117.8891163,34.0877926,covina.json,"2LoVt3fbZVw,gHqWZI1hQ9U,tsd_8cTqo-s"
Phelan,-117.5725025,34.426298,phelan.json,"CLhCzpF4p2s,L3FnCfDV8wM"
Irwindale,-117.9353412,34.1069527,irwindale.json,"-XxR7vjOiBE,MFJo44kuSRU,R7wPJbKvSmY"
Alta Loma,-117.5985774,34.122887,alta_loma.json,"lJu40It8UL8,6ECMJYjPUiU,97TfevpmTzs"
Victorville,-117.2911564,34.5361067,victorville.json,"uWIQz_vvx18,mNCBQhyJvWA,y4yXDKEM6_k"
Rancho Cucamonga,-117.5751734,34.1033192,rancho_cucamonga.json,"lJu40It8UL8,97TfevpmTzs,jWnozJ9HZn4"
Arcadia,-118.0401496,34.1362075,arcadia.json,"LfCsOwMc3hk,Kuk5E83aW0U,qXfLo5CaxtA"
Apple Valley,-117.1858758,34.5008311,apple_valley.json,"CTtTeZuN6Zc,JbtS66VPq9g"
El Monte,-118.0368489,34.0751571,el_monte.json,"fVId9UVtzpM,kImRVHvA4aw,54K-UNBxzWI"
Sierra Madre,-118.0528455,34.1616729,sierra_madre.json,"4Ah1z4i3Y5A,krqqNqMaMhA"
Montebello,-118.1119749,34.0159398,montebello.json,"rN_2JBrOm6U,fSlIzyUeRIU,okGozBWShLw"
South El Monte,-118.0467338,34.0519548,south_el_monte.json,"zK-4s2-pjKQ,gl295I7YMZs,qPYH6mjMnwQ"
Adelanto,-117.4092149,34.5827699,adelanto.json,"Jpmc6_t5ooI,1ZxPhxH5AS8"
Whittier,-118.0336974,33.9748932,whittier.json,"tvqVxgw1Eck,ILaeoXnSgjo,l1LYIBVhjzI"
Oro Grande,-117.3342133,34.5988813,oro_grande.json,"xcpXlOh1ZFI,9yUO8cvwLHU,5N5_RvWXt3c"
Monterey Park,-118.1292289,34.0512156,monterey_park.json,"kPDYgUyiGaY,kbw-V4F_bz8,Jb7Az_2pj-Y"
Barstow,-117.0172076,34.8957684,barstow.json,"WI7MSUZUxFw,njpg5_DHNp4,aSGmXdZgO2o"
South Pasadena,-118.147829,34.1133062,south_pasadena.json,"RakCRDeBB9Y,3qgFIdJv-6g,OkyjgbWhnIU"
Hacienda Heights,-117.9686754,33.9930677,hacienda_heights.json,"5p2lGXxD5Ig,jK4r5d81mnU,Vek--AC45p4"
Pasadena,-118.1444778,34.1476452,pasadena.json,"44RDCtjpmHU,8IfUcIJ8r3g,OkyjgbWhnIU"
San Marino,-118.1057393,34.1215947,san_marino.json,"2hzaDkJ02yQ,-mIuAAMteyw,wtM3hhFWMng"
La Habra,-117.9461073,33.9318775,la_habra.json,"_hnb_SFnqBE,m8Gafoc7CJY"
City of Industry,-117.944400918335,34.01132905,city_of_industry.json,"ivgIusbNasA,jSNhFSebvjs,SGSmC_CCYgI"
Yorba Linda,-117.8255938,33.890107,yorba_linda.json,"tJeo9NYal5I,H2v4iTZVfcU,DgmBSOeb20o"
Chino Hills,-117.7600559,33.9926803,chino_hills.json,"Xo99WTKu3ok,qdNnHHwlyQ8,9nxeiM6DmCI"
Irvine,-117.8259818,33.6856969,irvine.json,"eo4wyKNjO4Y,SRbIcOV5tKM,B0CU6BUoKpI"
Placentia,-117.8617336,33.8714814,placentia.json,"yVbBNP0Uu7U,CdFoMTBIp7M,X3whVAfzQcw"
Chino,-117.6900749,34.0133561,chino.json,"Xo99WTKu3ok,EA7TOd1l8RI,qdNnHHwlyQ8"
San Gabriel,-118.108604,34.0991325,san_gabriel.json,"Q8sFLOT-4v8,jtrF479Dzj4,JA4euoqXUHw"
Altadena,-118.1352328,34.1863161,altadena.json,"icoYbW3p6Tk,6KCf915_kU8"
Pomona,-117.7517495,34.0553813,pomona.json,"Vlp_v1AQRuM,3aF-ANf4KY8"
La Canada Flintridge,-118.2005235,34.1998302,la_canada_flintridge.json,"6wbarTM-JjQ,cN6HJS7c1h4"
La Verne,-117.7678354,34.1008426,la_verne.json,"qWYgAbQivwc,miI7fPkgci4,grwxtOaQX5A"
Monrovia,-118.0014516,34.1483499,monrovia.json,"85R5EMA4K-0,M3gFdghjTGw,Ke5oBLf6kj0"
Anaheim,-117.9117319,33.8347516,anaheim.json,"PSSXye_WJdw,VKkpcDxl_C8,lf6hWVJRqrc"
Costa Mesa,-117.9033169,33.6633386,costa_mesa.json,"vpOz-3XyKuU,ixKfBB0LY3s,Q9A5iMCCtSc"
Cypress,-118.0399367,33.8248235,cypress.json,"teqAQQvP5O8,OAScCTRSt6M,482sfMeuvTs"
Buena Park,-117.9962164,33.870413,buena_park.json,"q_UZIRB2t20,SefEerTB8jI,rTBZGqLJX4s"
Orange,-117.870493,33.7500378,orange.json,"nab-b7-8NUY,FeVfAhnkONM,B0CU6BUoKpI"
Laguna Beach,-117.7834146,33.5420888,laguna_beach.json,"nQn8kvJ0xKo,Oh9uZqCHVds,VeHL42qqVRI"
Laguna Hills,-117.6882066,33.5948758,laguna_hills.json,"3qzNdX4eb08,TH5J6DgufDk,ETub-SbrOQk"
Aliso Viejo,-117.7258121,33.5761376,aliso_viejo.json,"z7gwPf6qm_o,VnR_PmMrsk4,W7zQNNOJtmw"
Lake Forest,-117.6859212,33.6469261,lake_forest.json,"u7zGOCxOhHw,9I4915NgRpc,8vWc9ggiqpU"
Laguna Niguel,-117.7075525,33.5225261,laguna_niguel.json,"_4aFdpg75Ik,6tkW6MjuzAs,ISD_Ji9xL5I"
Mission Viejo,-117.6594049,33.5965685,mission_viejo.json,"fu1t-gsrV18,VnR_PmMrsk4,QOTFMotsKus"
Rancho Santa Margarita,-117.602934,33.6408845,rancho_santa_margarita.json,"9IfJFA0TeEo,jV_ju93-5dA,P9kleTL8EbU"
Dana Point,-117.6981074,33.4669721,dana_point.json,"nyznlgcrSkI,Zv_PU0neMfA,Yx6JWEED4fM"
Santa Ana,-117.8732212,33.7494951,santa_ana.json,"Pg7pmEIYedo,XhJXS4IdhgI,UJvHue28O0Y"
Tustin,-117.8261659,33.7458511,tustin.json,"JAtTFAb_yfQ,hK5N6tWpCH0,ZzFFsU98AEs"
Santa Margarita,-120.6090569,35.3899734,santa_margarita.json,"9IfJFA0TeEo,jV_ju93-5dA,uux-CrydCvM"
Atascadero,-120.6707254,35.4894169,atascadero.json,"sJA_4td6VV8,CWfqmtrfnpI,J0q4Aq8-_4Q"
Corona del Mar,-117.1033901,32.4978999,corona_del_mar.json,"QSzaQYmCrg0,btrpsCatAZM,bgNpVzsdpyc"
Templeton,-120.7060048,35.5496939,templeton.json,"_HD1t6vlJqY,fxrNG_00nUs,7TleTB8RS3U"
San Juan Capistrano,-117.6625508,33.5016932,san_juan_capistrano.json,"Wq8Ha-K3ms4,Fb-b3Wnm6q0,VUSC37bLuuU"
San Clemente,-117.6124178,33.4270275,san_clemente.json,"vzPEsFaiXTk,sf1NEHLtd78,xEfmjaDOHck"
Paso Robles,-120.6912455,35.6267654,paso_robles.json,"dV_SXesLrek,QvGyeJAE9eU,smt2W2uOBvo"
San Miguel,-120.6962825,35.7524679,san_miguel.json,"tksj4bCY4lU,1FJgiMsTJgs,LyvWPQou6Xk"
San Luis Obispo,-120.6596155,35.2827525,san_luis_obispo.json,"hr1hHWBoMEg,z8oMzhW414s,-dpjogvGpB8"
Pismo Beach,-120.6412826,35.1427533,pismo_beach.json,"u4DXQZbZKiM,5cu9Hg1vDvg,J20eucwsofM"
Arroyo Grande,-120.5907251,35.1185869,arroyo_grande.json,"aB8wDYfTbNo,3gkrQhHsy9g,QTKKljlZ7g8"
Avila Beach,-120.7318417,35.1799752,avila_beach.json,"jgMig9LGg1c,5cu9Hg1vDvg,Jq02Iol8tjE"
Nipomo,-120.496418815962,35.0358216,nipomo.json,"OssddCCtkzU,LORp4hhLpLQ,_KVaNkQP-MY"
Solvang,-120.1390893,34.5958572,solvang.json,"gHTru7DwPlk,Q-1beLGmamU,uDZhBM3pUCI"
Santa Maria,-120.4358576,34.9531295,santa_maria.json,"dDlNb48OnjA,-oJFQkD9We0,6SQ41qeoL5I"
Orcutt,-120.4366903,34.8650717,orcutt.json,"HO-m1xfZGMg,_3vZKUxeQtg,YRdiRd6XUPg"
Grover Beach,-120.6218375,35.1209452,grover_beach.json,"5cu9Hg1vDvg,J20eucwsofM,Jq02Iol8tjE"
Los Osos,-120.8323486,35.3107214,los_osos.json,"W-8SlkAxA4g,fUrv3D20pPs"
Oceano,-120.612393,35.0988648,oceano.json,"vSROSencBss,jLzg2rkEnU4,GU8gREocaFc"
Morro Bay,-120.8499012,35.3658075,morro_bay.json,"eZaXieWfXKI,YGxOTCTZ3tE,7JYq9hkGPdw"
Cambria,-121.0807467,35.5641381,cambria.json,"H6yaiFtO7dU,AUXviiTVsFo,JtfZPgWxlMI"
San Simeon,-121.1907532,35.6438587,san_simeon.json,"_qp8bUPUNJ8,P3rnk85Ozjk,AUXviiTVsFo"
Harmony,-121.0226878,35.5085836,harmony.json,"bveoH6R2dLo,0PP-Hf6CXoQ,-ZHqjqT7d_g"
Cayucos,-120.8921253,35.4427512,cayucos.json,"7JYq9hkGPdw,DFUC7nNH23E,U62WzlJDlNo"
Los Olivos,-120.1148469,34.6677646,los_olivos.json,"HUiu0Vrg_XU,yCC2ULnChxg,0c0diQpdxMg"
Santa Ynez,-120.104677321497,34.608637,santa_ynez.json,"uCG2J0yc8Rs,j5EHJz0xPPk,cx1ZKMShFEM"
Buellton,-120.1936691,34.6134727,buellton.json,"Tk1R75jHFbU,qaVoZy6_PoI,eZPfwfnE8qc"
Santa Barbara,-119.7026672,34.4221319,santa_barbara.json,"42MIJ26zSEI,uDZhBM3pUCI,U6PVydhW8ls"
Goleta,-119.8276388,34.4358295,goleta.json,"DZ3a1ggVYgU,_euMvs9Qd3o"
Summerland,-119.592119838442,34.424449,summerland.json,"GRW-9Q7S4FU,uUmwhArXUys,nD9WBLwO0ZM"
Carpinteria,-119.5184563,34.3988838,carpinteria.json,"o8-tP-vnWyo,uNmZoHv2f-M,iArcc86JS5M"
Montecito,-119.622205630583,34.4364435,montecito.json,"nb9h6Ddrj44,e2jEyNOMGf0,hZkm0xE5IfY"
Lompoc,-120.4579408,34.6391501,lompoc.json,"0dTNpFt3Ywk,uVOn-ZIDmcg"
Isla Vista,-119.861513,34.4133801,isla_vista.json,gTxqsZfsk5o
Fountain Valley,-117.9627348,33.7038145,fountain_valley.json,"uVWVc-y0cqA,1tw-AjQw6tY,Pheo1rp5xis"
Westminster,-117.985892,33.7578041,westminster.json,"VB7xt81witQ,q8x_WtTaTBA,lnusjV52JdY"
Garden Grove,-117.9463716,33.7746292,garden_grove.json,"QO8JrC2b9nI,BwMKon6NK5o,lDMojUb27zo"
Trabuco Canyon,-117.5893799,33.6626232,trabuco_canyon.json,"1jGLYxK7vBA,1gqf2FK2a94,Mq-6FjGW0NQ"
Silverado,-117.6369938,33.7461295,silverado.json,"fTLI-DhaGpw,h2mTUCe8Huo,Q_SZUlOwaQY"
Fullerton,-117.9294164,33.8708215,fullerton.json,"OJRp4ioyvc4,wE_FLjzXwW4,pBgr6Oh4lEU"
Huntington Beach,-118.0000165,33.6783336,huntington_beach.json,"0YYHMgaDf64,59AgTJ03IB4,HM84lC_P3h0"
La Mirada,-118.0107091,33.9060971,la_mirada.json,"wLTOKs5kkYU,rBD5bQKMLww,qnpr6qSbr8I"
Santa Fe Springs,-118.0676102,33.9482434,santa_fe_springs.json,"gTUjPPD5EyM,QwdCuk8pPQQ,MQFx-1TuiqA"
Cerritos,-118.0539322,33.8644291,cerritos.json,"gPBTmywF7-Y,m0b05q94FGw,eaWfyBR8wyU"
Norwalk,-118.0849168,33.9092802,norwalk.json,"j7pg0etujxQ,PJr4CmVWO0c"
Seal Beach,-118.1046355,33.741176,seal_beach.json,"5tEAcOwYmNY,TYaK8VYTqZs,jPy5V0OfhSY"
Balboa Island,-117.8920818,33.6064778,balboa_island.json,"ZYyDi4G6EwI,QSzaQYmCrg0,Y2N5bsJ12wg"
Hesperia,-117.3008783,34.4263886,hesperia.json,"bXJ3eLhGRyw,ZfIDiYnTAt4,cZk5uw2KojM"
Twin Peaks,-117.2336532,34.2388955,twin_peaks.json,"utaBWNLlX7A,JihBi9bcd8M,pkr6cz0y9Ww"
Skyforest,-117.1792072,34.2352847,skyforest.json,"yqN_kpUW7vk,y4Q2HEjbnZI,4xaxfGEpcWI"
Lake Arrowhead,-117.185753981831,34.2592869,lake_arrowhead.json,"Vn6G2Ved2ME,y4Q2HEjbnZI,rgXGNH5G3wo"
San Bernardino,-117.2897651,34.1083449,san_bernardino.json,"hkmqNX5SZwY,DvG4O98ZHkY,hLz6_9DoOyM"
Crestline,-117.293895511888,34.2495525,crestline.json,"ktddFSm3nTg,qeS6GuxSsYk,_H8wFOiqy-w"
Highland,-117.2086512,34.1283442,highland.json,"lK61Vlo8Z7c,hWiXTKHmR0o,zZ_6WTrQock"
Loma Linda,-117.25204765,34.075626,loma_linda.json,"VMlBFGbIiSE,DhzDlR2oCrA,NV8-3UlD8mk"
Colton,-117.3136546,34.0739016,colton.json,"GUa3Wywf8E0,GQRCuGIbWSk,cErV8qG0plQ"
Riverside,-117.3961622,33.9533546,riverside.json,"O4Mvzom1Q_g,15w2xyU61JY,0sw-sCT092Y"
Redlands,-117.248983896912,34.069909,redlands.json,"-89tMr3t9uc,fUamRB-fhfA,YbfsZWzLgeg"
Moreno Valley,-117.2305943,33.937517,moreno_valley.json,"Nt_H40k7RdY,e9eam4nNGOI,wUnPoZ2u_tA"
Perris,-117.2286477,33.7825194,perris.json,"HkJ-0j49I-w,LfApejaMM6Q,3mLDDmcBB-8"
Menifee,-117.1770436,33.6864432,menifee.json,"h-IRq2snLhI,pHbFynP15Q4,s3Bik1zrQ-M"
Beaumont,-116.9772479,33.9294606,beaumont.json,"fPAz-Alx48g,Zf4lbRc1DjQ,ymWWhN2_8N0"
Cherry Valley,-116.970584340156,33.9795655,cherry_valley.json,"RiIJhmm14UQ,HYR7D1foLGQ,BLyNhSNbgbo"
Banning,-116.8752889,33.9255685,banning.json,"wTpGunoyANA,b5H0nKcqp8Y,tklE-EIYzNY"
Cabazon,-116.779534350758,33.9090305,cabazon.json,"h3EoXO53Ybc,tIsuYG0Vgfg,8Ghluz-I5NI"
Oak Glen,-116.9478044,34.0494574,oak_glen.json,"3EWU9Vh5scE,oDkC6jLptdw,HPhPi_W844I"
Palm Springs,-116.5403029,33.8246269,palm_springs.json,"ayl7bSPrGa0,lBaO7eus0iE,cKSPu90-tOw"
Yucaipa,-117.051671291906,34.040931,yucaipa.json,"Nl1Jgyl9KXQ,fe4MeG0GBzo,ehcDMB27Wtk"
Palm Desert,-116.382571,33.7288179,palm_desert.json,"Dz6Z_YiTONw,ROhkZniKhfg,4ugG_JdlXtQ"
Cathedral City,-116.4640764,33.7810031,cathedral_city.json,"x4BAmmUXsaQ,N0crXGYLYlg,g5v1_xpcEjw"
Desert Hot Springs,-116.5016783,33.961124,desert_hot_springs.json,"ROhkZniKhfg,ayl7bSPrGa0,lBaO7eus0iE"
Rancho Mirage,-116.4228595,33.763346,rancho_mirage.json,"5tRM8CQOpd8,HGLz8CXnnSw,JFujsShZfsc"
Indian Wells,-116.3383033,33.7217965,indian_wells.json,"otWMYxkqJ2g,oJhR7Mbt2CA"
Indio,-116.2188053,33.7192808,indio.json,"ORH9wIEBK0E,WLkOC0UkKmo,JcStUBdBQDk"
La Quinta,-116.2958788,33.677474,la_quinta.json,"jMZ3Whv2Pw0,opmQdaFtWUM,G4jIyA6Ih_k"
Coachella,-116.1763379,33.6795519,coachella.json,"lBaO7eus0iE,VezTQ51mvjU,x_1ob0lbh0k"
Thermal,-116.1394484,33.6403013,thermal.json,"UxcbJGhnQPE,JOtB2OL3PkM,ppyzJFjmzT8"
Mecca,-116.0745416,33.5701568,mecca.json,"4H-pQTFbPio,unfMPjBm0do,0OcB968RDqY"
Chiriaco Summit,-115.7213794,33.6608533,chiriaco_summit.json,"hhJgBJLXFyc,h6FFbzTPI8g,GCF24rlXZNw"
Joshua Tree,-116.320947788267,34.1265408,joshua_tree.json,"O52DI7jfsH8,Wb6Wts3_-10,PCdDZ8RD5k0"
Joshua Tree National Park,-115.951115484517,33.89706715,joshua_tree_national_park.json,"6O4A5PTZ_7U,dsXLondG4UM,O52DI7jfsH8"
Twentynine Palms,-116.0543505,34.1356915,twentynine_palms.json,"PutyS9SSkrw,PXodMftUo1g,EMXTTOL4Mvc"
Yucca Valley,-116.413654309413,34.14154,yucca_valley.json,"9HxshBYmSZg,YJgDvzAbZ9U,uvQ3NiMImT8"
Pioneertown,-116.4961262,34.1566737,pioneertown.json,"vP6PB7ozR4A,l29fZDRjH7Y,AmC1Je896_k"
Shafter,-119.285365133155,35.4698255,shafter.json,"tBpbyc_Vb8s,LcjAUajsbsY,Sx6FiCoN9-M"
Mc Farland,-117.4034703,33.9619073,mc_farland.json,"h14kcFaKKrg,FeZ7MZ1wZj4"
Bakersfield,-119.0194638,35.3738712,bakersfield.json,"xu-VUHNbvoo,WGmSVw7K6hE,JoUY7bqbF6U"
Delano,-119.2470535,35.7688425,delano.json,"YCdSZLEFnus,3hYxa6b2fas,Aro0SRbQn_U"
Allensworth,-119.3905251,35.8635518,allensworth.json,"HkJ-0j49I-w,A1Dqb5RJg8k,x7M4hHuOJ0g"
Tulare,-118.8525829,36.2516475,tulare.json,"ILaeoXnSgjo,3hYxa6b2fas,-OH2xcn7nYw"
Lindsay,-119.0881599,36.2030064,lindsay.json,"RfcvQ8Zkswk,VTjlN8HaAHs,CLev_H8eZog"
Exeter,-119.1420516,36.2960613,exeter.json,"va-XmdlOutQ,9ZxPkhppqOA,7SDbzqjpaLE"
Visalia,-119.2920584,36.3302284,visalia.json,"up77v9Gc6kY,8FZrz96bxxg,2HysbSAJmIc"
Traver,-119.484847,36.4552287,traver.json,"jAOGmjf1dkE,wWMVsLK2Qk8,6dW_CjwYCPw"
Porterville,-119.0167678,36.06523,porterville.json,"xVoBWFVWIM8,wPL697aspLU"
Three Rivers,-118.880338866976,36.4204965,three_rivers.json,"Ak6LiGvS_pM,nneu8OC-0zM,rLXVq3YDenw"
Lemon Cove,-119.028361172222,36.3815895,lemon_cove.json,"-HCP1ff8Uks,8wddUThKeDk,b3LeRE9k_DI"
Hanford,-119.6456843,36.3274502,hanford.json,"XKBV1jU3uss,3e41Q4KWvz8,8tL4sjHQSTk"
Dinuba,-119.3870655,36.5432837,dinuba.json,"ILaeoXnSgjo,gXF-TD9Yli8,HVWYulGSDQA"
Kingsburg,-119.5538928,36.5138398,kingsburg.json,"kHe6QFBsZcw,3GoSZErXvts,a29f-u5wdWA"
Sanger,-119.5559651,36.708006,sanger.json,"bQUWlzmXX3M,buuYIBejsuM"
Clovis,-119.7029193,36.8252277,clovis.json,"toH20Jb-Xo4,b1s0bC7dabY,qJa_qUMdaBc"
Fresno,-119.714839601149,36.748793,fresno.json,"4ByecMKQzvs,yjmE5WDpz3E,OSHHN_knLGY"
Sequoia and Kings Canyon National Park,,,sequoia_and_kings_canyon_national_park.json,"1NzoNaf1b60,xK8N57f2Dzw,c7Qu8PwSIj8"
Dunlap,-119.1209468,36.738281,dunlap.json,"KlmJFwrnANQ,5rqvuoWT-ug,prxchaTcR3o"
Madera,-119.773799,37.1716264,madera.json,"1wMBLcWPXRo,5769LxlDyBg,8Mt01P_1-us"
Chowchilla,-120.286426136452,37.1123505,chowchilla.json,"LN6f_6C84C8,LskTYNL5zb4,XDz0M4WZe7g"
Le Grand,-120.2482335,37.228554,le_grand.json,"B2VwIvcFfxM,E3rY7OjLXHc,DB9mSIxXef4"
Merced,-120.4843268,37.3029568,merced.json,"K7vWFLgSSF0,2xgde7YWHU0,l4ZmEAnKNRc"
Stevinson,-120.8516177,37.3277436,stevinson.json,"UWZe42hBEB8,RnYbkAG1Cdc,6JXvYg0DGWw"
Turlock,-120.846594,37.4946568,turlock.json,"sJA_4td6VV8,b5d566-aVJE,K_J2Jif8Yyc"
Hilmar,-120.8502034,37.4085479,hilmar.json,"l8Pze7R2FCs,U92kHOvSPNY,KTLcmXTQbhc"
Modesto,-120.9968781,37.6390972,modesto.json,"8nGYkEBDjX8,-89tMr3t9uc,HN0BAYHRnLI"
Escalon,-121.006421984267,37.7544565,escalon.json,"J3YTaWoy068,nbWcwRK0UsE"
Riverbank,-120.9354894,37.7360396,riverbank.json,"Ahcb1wrLXD4,gYpBtKM3UYI,kfKcZnX5liY"
Oakdale,-120.8471544,37.7665947,oakdale.json,"otFz9acm0Oo,wETgdf9FM-4,rflDEKji85s"
Ripon,-121.1243827,37.741595,ripon.json,"UzHfw11dRAQ,5JFGaTArC4k,stuhMO0cYCQ"
Manteca,-121.2117147,37.7986184,manteca.json,"Ir2R6ufp_sU,2Tn39wMaeDs"
Lathrop,-121.2766099,37.8227046,lathrop.json,"CIpmW0aGBU4,hVIWzASu264"
Tracy,-121.4252226,37.7396513,tracy.json,"ljCTqeseAF8,s-PR2cud6FM,3Q-LVZaVfWg"
Vernalis,-121.2871622,37.6307636,vernalis.json,"0Qe16GGKpVE,bDRd-qLVzYE,utb4z59ZrRY"
Stockton,-121.2907795,37.9577016,stockton.json,"_AoSv7vzOx4,8nGYkEBDjX8,_65WT3tmpO0"
Atwater,-120.6090839,37.3477174,atwater.json,"-89tMr3t9uc,XeUnFfO_PnU"
Los Banos,-120.8505341,37.0592253,los_banos.json,"1jI88F4r44k,hydhKAbB2pI"
Santa Nella,-122.9666643,38.497135,santa_nella.json,"nWigv6E88-g,rj-EUBQOFrY,wm4qMARBZQw"
Gustine,-120.9988153,37.2577171,gustine.json,"VFbRCxFMeCo,IN7hcp_fVqE,cnWARy2xWJs"
California Hot Springs,-118.6736994,35.8802282,california_hot_springs.json,"4wb7QmsJtK0,E9K52pa5Kdw,wETgdf9FM-4"
Wofford Heights,-118.473698856169,35.7105005,wofford_heights.json,"N20QIh8JMtE,vfTJvVuP40s,59VTYMlqIj8"
Kernville,-118.433945835615,35.7330735,kernville.json,"GN7HUBHiIg0,1EXd5_Og920,CRn-2k8PQdg"
Bodfish,-118.482262390993,35.568863,bodfish.json,"Kl7v3UQvgok,9Uj9VT06p7I,UlmXVsE3k7M"
Weldon,-118.314803898713,35.6434635,weldon.json,"xRAMwOFILgw,m3xHQC3eOe4,inrrMcSNa2Q"
Lake Isabella,-118.484657714814,35.637646,lake_isabella.json,"_sU2KJGofvQ,PgJy3w03J0M,wBh57EsLzxc"
Camp Nelson,-118.6092614,36.1426695,camp_nelson.json,"K0GaN1DzAeQ,fylbBmwxR7A,N_aLzyK8BnI"
Ponderosa,-118.5281433,36.1055013,ponderosa.json,"uTVxynPfIJ0,r9jSLUtW16U,2OUpKvZZZZ8"
Taft,-119.4565077,35.1424671,taft.json,"CXFBR01C-w0,4QYFGA5J1dw,lO5kpMi92O0"
Maricopa,-119.4009508,35.058858,maricopa.json,7CEF1ar7Adc
Lost Hills,-119.677656844379,35.632387,lost_hills.json,"DxRYdIlywbo,4dfbcC2G-MY,Zl-L-0mFpTM"
Cholame,-120.2965383,35.7238556,cholame.json,"GtJYdVVgmYk,2nwMuuXnubY,OyFKuMyZ8bU"
Thousand Palms,-116.3935799,33.8217125,thousand_palms.json,"qLflaF6nxmY,e6VpAeKtrWI,fCF65ksSQww"
Needles,-114.6141315,34.8480597,needles.json,"PPa9Lfe8BRM,O_-uws6T8WI,a7ud_luRJH0"
Idyllwild,-116.7189074,33.7400209,idyllwild.json,"oUPVvWW11rI,IxAsYFGX4g8,ETyUF2ezZrk"
Anza,-116.67457,33.5559483,anza.json,"57DiAe497VY,S4lzE71qoCw,lix8GrUAR4Q"
Palomar Mountain,-116.8786358,33.3228128,palomar_mountain.json,"6ggydiY1JEk,AMwZtgVFmMU,6-pN05mm98s"
Aguanga,-116.8650234,33.4428094,aguanga.json,"J1QEBeFmPdo,LPOwJ86w_as,V2EAtBhjWZo"
Valley Center,-117.0341966,33.2183701,valley_center.json,"Fd2MToyN3HQ,H5Fez5zUdVo,AmWsV1b67jQ"
Pauma Valley,-116.9814166,33.3033679,pauma_valley.json,"orWrKwoEODM,4N1VyqkBifw,6ggydiY1JEk"
Escondido,-117.0814848,33.1216751,escondido.json,"TsJVRnRyTIM,7T5LIxB_E1E,GQEN85_jMvU"
Pala,-117.0766964,33.3653102,pala.json,"eD7sb201bw0,rNdPUNr8C4E"
Rancho Bernardo,-117.0610494,33.0186103,rancho_bernardo.json,"HO8fdXpVDzI,kW1-WE1KF4Q,kPUPxgdxI1g"
San Marcos,-117.1661448,33.1433723,san_marcos.json,"_VlF0ufD8Ls,H-YdzIZC4yY,Cywg-Alx1xY"
Poway,-117.0358645,32.9628234,poway.json,"omem9m6m3rk,2ul4sZ6bP_w,s_FDuW9kP6Q"
San Diego,-117.1627713,32.7174209,san_diego.json,"ptokz5eklj4,Bnk61XHm3wM,Cywg-Alx1xY"
La Jolla,-117.2742085,32.8472711,la_jolla.json,"g6xKtKbMiTM,9LNUPA3o2Gw,tXISiwRI3Mo"
Channel Islands National Park,-119.266377755078,34.248597,channel_islands_national_park.json,Wb6Wts3_-10
La Mesa,-117.0230838,32.7678288,la_mesa.json,"ydXzAqZTzzQ,j9iP5hezIgw,-89tMr3t9uc"
Bonsall,-117.199620674145,33.276248,bonsall.json,"qpi44Oa5dWw,5wI9MHlx5ws,4zjP0djA2gA"
Vista,-117.2425354,33.2000368,vista.json,"geGEQRdd4Y8,mGEHWqnqA0c,TuEOVr-HvGY"
Oceanside,-117.3794833,33.1958696,oceanside.json,"0u2OojNeOUY,TtXO7kAL3LA,qrqncvZE8k4"
Imperial Beach,-117.1130848,32.5839444,imperial_beach.json,"2_O-fn64Y5k,xEfmjaDOHck,SgYedflCuxA"
Chula Vista,-117.0841954,32.6400541,chula_vista.json,"HvfXM8xIHKw,2D1y5CjjuHM,9q69ygxjsXw"
Coronado,-117.183089,32.6858854,coronado.json,"ptokz5eklj4,pWdciCJEeNM,7q3gTTYBjW0"
National City,-117.0991966,32.6781085,national_city.json,"na3NeIRnPic,OvXGh_Pv6qg,Y9qZf_imVTs"
Bonita,-117.015961660775,32.664798,bonita.json,"1UILkFV3zsI,G9orm4zOmsk,NzXtivWYv5M"
Santee,-116.9739166,32.8383828,santee.json,"A3JnpjHXrwQ,sVR_SoQkOAY,RkQAtnvYsXU"
Lakeside,-116.896001239709,32.85041,lakeside.json,"HhCMI3xdwH4,cBGd823acus,CWxuO0oBCSo"
El Cajon,-116.9625268,32.7947731,el_cajon.json,"A3JnpjHXrwQ,W5zsPT1XiRo,PanYkUTgFPQ"
Ramona,-116.867513120741,33.035378,ramona.json,"-F-b3VCMizs,ghBcyQCXIoo,ogPGP7gTm0U"
Alpine,-119.8345012,38.5893934,alpine.json,"doFx8_2kKQY,o152VHf4P4s,LuPjU2YXdSE"
Jamul,-116.8761346,32.7169988,jamul.json,"vCwtZK0StEs,R3-Hm_cMTMc"
Descanso,-116.6158524,32.8528287,descanso.json,"psr9j77AewY,fu9VhOMYYlQ"
Tijuana,-116.9641656,32.5008626,tijuana.json,"T-G0VHBxLtE,dwxv6AU7WR4,vFBWfwL8s2I"
Julian,-116.6023153,33.078597,julian.json,"qKfnB5EkQrU,Jc2nvazyg6g,swwX2RwBbH4"
Cardiff-by-the-Sea,-117.2803462,33.0220155,cardiff-by-the-sea.json,"Q0o93Zz9ngs,SL2hbIKJEwo,GMvdPXC0X1M"
Encinitas,-117.2919817,33.0369867,encinitas.json,"qvwhGpg2xOM,ftk2emWuSF8,4cp2a8rUO88"
Carlsbad,-117.3505938,33.1580933,carlsbad.json,"b-IvF_upof0,4JCQGi5wliY,qe7JRilIfi8"
Rancho Santa Fe,-117.198151484646,33.02419495,rancho_santa_fe.json,"8qKGpuplNnY,rWHIoA68q34,8MqDRqSoe5A"
Solana Beach,-117.2691315,32.9905597,solana_beach.json,"XqextFRap7c,XoPqi7yqN60,IhyRlqv4QoE"
Del Mar,-117.2653145,32.9594891,del_mar.json,"_7hZ1YwAomU,6uRJOKQtNb4,s9-ZMG230QM"
Los Barriles,-109.6995609,23.6818272,los_barriles.json,"s_QS4RxLrug,gSLayWQaGlE,B9xxioKfxwQ"
Ensenada,-115.231462477994,30.1927661,ensenada.json,"Uo4AkeEbch8,PfmE2USVqig,Ptp66u3n05c"
Ensenada Blanca,-114.8243763,31.0551964,ensenada_blanca.json,"vioQM8q8iys,-Je4V2Hg2JI,en4d3DiWSrw"
Valle de Guadalupe,,,valle_de_guadalupe.json,"6Mpjb_0Jslk,kUtMrPBkiIE,0a9zQzyoa8g"
Ensenada Municipality,,,ensenada_municipality.json,"Ed8vEn2pYFo,aFIJkzj6z4M,Q3C4776Xpv0"
San Antonio de las Minas,,,san_antonio_de_las_minas.json,"WqfGSzsVPO8,lHcsU8Kok_M,u82lcXxfC50"
San Jose del Cabo,-109.7191831,23.0694682,san_jose_del_cabo.json,"J97dBK6Jq3U,13bPKJruSE4,0ATppT9uaQQ"
La Paz,-110.518542713371,24.10843275,la_paz.json,"chxx-F5-HNE,0zasie88ino,VEuY9KdjXqY"
Cabo San Lucas,-109.9111324,22.8938107,cabo_san_lucas.json,"eLwpQE55nJw,TYXYuyllFHo,J97dBK6Jq3U"
Cabo Pulmo,-109.7159238,23.0351941,cabo_pulmo.json,"B9xxioKfxwQ,s_QS4RxLrug,nG4Ps05sYuI"
Todos Santos,-110.2253736,23.4500668,todos_santos.json,"yKCSHHXLodg,npo0Pw06tdc,x-Y2boB7QJs"
El Pescadero,-122.3821926,37.2516018,el_pescadero.json,"ATsApt9HR2A,xEfmjaDOHck,yZDjeZy0z4g"
Santiago,-117.460743626056,33.7435727,santiago.json,"9jPvRjBJMnQ,0Bj7sVS-hjU,uVmTyjpGyac"
Los Cabos,-109.689768313063,23.27184805,los_cabos.json,"J97dBK6Jq3U,EirrcO0GI1U,A7tySLaTWgE"
El Triunfo,-110.1085186,23.8031474,el_triunfo.json,9-dtDwX7uQM
Puerto San Carlos,-112.1076804,24.7895782,puerto_san_carlos.json,"Il_KGsw2miI,v37bxODTKEM,49lq8jun_3A"
Baja California,-113.380835042571,27.35789705,baja_california.json,"-Je4V2Hg2JI,YqneS1KCuhw,c200nHXm02E"
Baja California Sur,-116.5694918,31.9019585,baja_california_sur.json,"7UaLa36QAgM,YqneS1KCuhw,kOK7rSKxCsw"
San Ignacio,-116.5183498,33.3047587,san_ignacio.json,"dcvc-I50OME,IpKrB2nlDas,CwlWWQRkH50"
Loreto,-111.502049587939,25.88442735,loreto.json,"kOK7rSKxCsw,2WT1RrStntA,PUYd3L8KBQQ"
Rosarito,-117.055626,32.3648126,rosarito.json,"mEVWJFg0D1k,DGog7uWr6PI,QveL1Tt5cfg"
Puerto Nuevo,-116.934162,32.2430119,puerto_nuevo.json,"tDo-XDE94hw,9gq6X9ppmcc,ZGHNB0lJ8bs"
La Salina,-109.9692165,22.9055058,la_salina.json,"kGFte2yG9tE,mNcdlLIOdNw,ZoQAqUM_78c"
Bahia de Los Angeles,-116.6415805,31.871038,bahia_de_los_angeles.json,"v-BnX42R0WY,B8ly_EiEPuo,8WddHqWaFxc"
San Felipe,-116.5986297,33.1992068,san_felipe.json,"noL3ItpI8Kc,mpzQX1pBz4o,6HSyS21eCkY"
San Ysidro,-117.0430812,32.5520013,san_ysidro.json,nx27Xg7-DJY
Jacumba,-116.187466295595,32.61858505,jacumba.json,"NeHrLC_d8aQ,gSrbAxwMtCw,NTR5GzoNtqY"
El Centro,-115.5630513,32.792,el_centro.json,"vJ-hAEbN-RE,1vVowvEd5gA,5LCp_8C6hE0"
Campo,-122.4652506,37.8974258,campo.json,"EUm8KUXYBKs,oIjguUZUd78,bayV7QRiOp8"
Boulevard,-116.2736289,32.6636712,boulevard.json,"Cbkblaex_ws,Zn1YL6ydtfQ,kfXfM_wLrDc"
Ocotillo,-116.00918365,32.7416435,ocotillo.json,"Y6H3e_zkrhs,3gUwWq_uT78,j7kIxsatx8M"
Holtville,-115.3794263,32.8104966,holtville.json,"iOlBNdilZZk,1bmTlMRRSaI,FuJHt5rOBoE"
Tecate,-116.273657068655,32.43593355,tecate.json,"0njbZV_127c,ynRFlLwZdC4,mJDyS0128YI"
Mexicali,-115.4440697,32.6200699,mexicali.json,"f_lGhkKUh64,Koj6aYIZaM4"
Calipatria,-115.5141537,33.1255957,calipatria.json,"IIII7nLYf9M,jmQT_rT_jUo,a1I2hgGmvfU"
Niland,-115.513553865844,33.2375654,niland.json,"rbo5euIjUW0,tjNOwAYFgtg"
Calexico,-115.4987029,32.6790572,calexico.json,"Nl1Jgyl9KXQ,-0FMRGvh4z8,HnJbQAISZPQ"
Imperial,-115.3595665,33.0305487,imperial.json,"485mPaLrPn0,pj314PmpHQ0,fosIprJGOGw"
Lemon Grove,-117.0314171,32.7425516,lemon_grove.json,"istDebaH1cY,ZvQXPd3145k,E91X_cD-tqk"
Columbia,-120.402418618899,38.03227005,columbia.json,"BUZ_rFQd9x4,sMBz9hPREdQ,ZCSejndAOJE"
Vallecito,-120.445671513835,38.0704785,vallecito.json,"gNNiJnxMJXk,4WsspPE_RI8,6-LpGW31gU4"
Jamestown,-120.404431068133,37.9588565,jamestown.json,"ShatPyEBHsk,JWXMOi819JA,1ycK4_653ro"
Angels Camp,-120.5396455,38.0682555,angels_camp.json,"YE6SAzpSt6w,mVlGynOZV_w,CzuK3V76cAI"
Murphys,-120.450544693729,38.14834,murphys.json,"BHcd-srsSBY,Z4VGWSaSlyk,4WMErc1n6Ks"
Chinese Camp,-120.444139115596,37.86918775,chinese_camp.json,"KgycOfRat54,Om_gq5Q_D5Y,-T2PCAxL0gY"
Sonora,-120.382138,37.9840911,sonora.json,"V0L4CddH6Pg,qfVyXpOrFAw,i9DQLPxCUss"
Twain Harte,-120.238493978094,38.0337345,twain_harte.json,"z_sMhRDTQHg,yAZ1V_DJKV8,J15wHAVK9P0"
Mountain Ranch,-120.506806780094,38.235224,mountain_ranch.json,"D0KmHRLgHo8,tziHtnQLiak,qc87HZsdBLg"
Pine Grove,-123.814182,39.3493389,pine_grove.json,"l5di8oN0Ovc,VPlrJvKPsVs,63koDYjPRMY"
Volcano,-120.6309634,38.4427907,volcano.json,"IbuZI5vf8m0,4wb7QmsJtK0,r5y91IlrHBA"
Kelseyville,-122.837167414265,38.9650885,kelseyville.json,"xROgolR7Q4o,tGaQymvi-Kg,Tf09uxNp4D4"
Clearlake,-122.6263727,38.9582307,clearlake.json,"BdeoR6vNE38,wBYvjTpe22w,_E6LBp2AEjI"
Middletown,-122.624194776342,38.7528585,middletown.json,"RdPj3xPZ4Wg,NFn4zvwAjWs,5p4OXgltRq4"
Cobb,-122.723045,38.8221258,cobb.json,"JbyfPB5_uuc,mrhxyhdpLAU,7BGl6JiOiAM"
Clearlake Oaks,-122.651520290803,39.0174285,clearlake_oaks.json,"fxNJrz2KBp4,RTfazYX3ylg,-8F0U5-fHhw"
Lakeport,-122.9158292,39.0429506,lakeport.json,"lJcAZjWD8-s,41E7F_XPDB0,8oejb6HMPxQ"
Nice,-122.835602036283,39.121271,nice.json,"fCFseBOALJo,zWRCIBlPnNM,w4qGWND1sZg"
Upper Lake,-122.903168583979,39.1480125,upper_lake.json,"wETgdf9FM-4,5fVd8Z94OLY,xIyKZoZBjYI"
Lower Lake,-122.618896438119,38.8975815,lower_lake.json,"5ZKr8AkD1QQ,-XkewnRxv-A,n7eLW_V3t6k"
Jackson,-120.7741017,38.3488024,jackson.json,"-a7wwYxSaH0,1sH01oDog2w,PyCqIRFSWQg"
Sutter Creek,-120.8024356,38.3929675,sutter_creek.json,"NdYh0v4HvX8,O-QdlPgNXgo,cWizhGJmTCI"
Mokelumne Hill,-120.711143743929,38.3013435,mokelumne_hill.json,"6-f6wgj7jso,8tVlCm3gzGY,VCCj1mvwb7M"
Fallbrook,-117.2511465,33.3764196,fallbrook.json,"p50CsW38XPs,5ebGJub-gmI,hq6wuuFZQd8"
Temecula,-117.147366,33.4946353,temecula.json,"68iukSrS1UY,rIqXlJLcMDc,WX91ogOfPUs"
Murrieta,-117.2106563,33.560832,murrieta.json,"KXl6E4t59pg,QfedYfW4d9A,xxGJM-sk9EI"
Lake Elsinore,-117.3272614,33.6680772,lake_elsinore.json,"jbW9DxU44es,hlcJIlZPK5g,OP1ZNeuWyZo"
Winchester,-117.063281109757,33.7193845,winchester.json,"K1r00zduh7Y,k_qR6V8MqJc,huPne9gwQGU"
Hemet,-117.035766536246,33.778562,hemet.json,"Ju0uN9jKmkc,InPH9pr4OqY,lZyKWLw_RE8"
San Jacinto,-116.9586349,33.7839084,san_jacinto.json,"lBaO7eus0iE,oUPVvWW11rI,IphvFyEcOOI"
Santa Ysabel,-116.6730762,33.1092099,santa_ysabel.json,"m-s8q3zTfr8,kPOA-JHfVOg,RncUx-bXBF4"
Warner Springs,-116.6336302,33.2822596,warner_springs.json,"8kyFgkJiaUg,4C40YHqo4T0,S9NzbILxxZM"
Norco,-117.55089,33.9323307,norco.json,"8X7DYf9gbHk,wz88xoa4ujU"
Jurupa Valley,-117.4515753,33.9798472,jurupa_valley.json,"4b3tBnE7PF0,3WViFYSqScs,GKaWqnCO8-c"
Ontario,-117.6484303,34.065846,ontario.json,"nppcUs9nv70,wqfv1EjyI4Q,_dVIGTxRR3k"
Corona,-121.9969062,37.0066161,corona.json,"6iBOYKRJ52A,ym4uVS-5tSA,PnKpxhCbFsM"
Temescal Valley,-117.485323,33.762796,temescal_valley.json,"pdHR2bo4gQs,kcwjtsD40zc,mxDDVwXKIR4"
Morongo Valley,-116.596723958419,34.0537585,morongo_valley.json,"uRIUqp1LbbU,VezTQ51mvjU,8rWBh8KsmN0"
Fontana,-117.4350479,34.0922335,fontana.json,"GYTQWoWjIiw,HkJ-0j49I-w,qBFU5a0yTNY"
San Dimas,-117.8067256,34.1066756,san_dimas.json,"Wz3F_X3UhCU,cr11b1E4ULg,nfLEIds6gDs"
Claremont,-117.7197784,34.0966764,claremont.json,"qD_jgGDMLVU,cacfIi3_x80,RTUya2yvfAQ"
Upland,-117.6483875,34.09751,upland.json,"pYbYDWPDHZ8,wRn5S44Qr4k,T49kE__nZME"
Montrose,-118.2288886,34.2064181,montrose.json,"nVyGtTvKe2c,Xsz1hNt2n_Y,_rVymjzLqbc"
La Crescenta,-118.2403973,34.2239835,la_crescenta.json,"Tbe1aM6ncnQ,Z4n2HFfEHhs,uMgz_N9jBq4"
Montclair,-117.6897775,34.0775104,montclair.json,"BOLiwhPeuX8,mOmlskl9N68,C3Bi2-P6ex0"
Brea,-117.8888556,33.9170444,brea.json,"jtrF479Dzj4,OJRp4ioyvc4,dcuMxJea7BM"
Yermo,-116.8203126,34.9049849,yermo.json,"RJCMGl8gU8I,eocJNA_WAKY,sm3XEcvwiHE"
Lucerne Valley,-116.9455238,34.4436167,lucerne_valley.json,"mCaU77K8zDQ,5a8894zAPtQ,r8i2M4d5CXs"
Big Bear City,-116.848597753191,34.267886,big_bear_city.json,"lw5NHQeXzpA,knkc5joIM-0,wETgdf9FM-4"
Fawnskin,-116.9425341,34.2680621,fawnskin.json,"W7GO_xWTZAc,bTUmVM99qow,3yYr1-zL_IY"
Big Bear Lake,-116.932209587315,34.253293,big_bear_lake.json,"bTUmVM99qow,k_BBIg83U6U,n1wZJIJNCGg"
Big Bear Region,,,big_bear_region.json,"2GmipPf-Krk,6DmgQhn7zKU,ltvxKi9rEkI"
Running Springs,-117.124877511921,34.2124412,running_springs.json,"9QD0mUIfxHo,Il_KGsw2miI,J1Q2ICd8IF0"
West Covina,-117.9389525,34.0686208,west_covina.json,"dFxWBV3jxWc,qAXqfc2E0vU,57ZDNuakBsQ"
Llano,-122.7944822,38.4116331,llano.json,"oo75DalsVOw,Qw51mPTXDlU,zE5XYbTY2Sk"
Keene,-118.5623116,35.2235728,keene.json,"SB_u2gC5S5o,U_1fyj2CoFU,7bkClnFTYEU"
Tehachapi,-118.4489738,35.1321878,tehachapi.json,"MYjrRML6hm4,pM6bdN6rqJg,3KUqGDzkSTw"
California City,-117.9859037,35.125801,california_city.json,"ghBcyQCXIoo,oi2o2r3Sgc0,bTvr_2v-0HI"
Inyokern,-117.8125673,35.6468991,inyokern.json,"w2Ioq3uBKwk,mSOXOKBmmB8,sD4QwfpoRzU"
Mojave,-118.1739644,35.0524699,mojave.json,"03Ug5sALXVo,a2afCu4xbUo,9Me0jIm_nFk"
Randsburg,-117.659854982562,35.369361,randsburg.json,"TQkUQm4MnX0,BHkDtbcdTEs,Rj8nArxdqWI"
Little Lake,-117.9067407,35.9366136,little_lake.json,"JgoInfWNvDU,n7eLW_V3t6k,WMDaPTcqZ9o"
Essex,-115.2449793,34.7336097,essex.json,"-EDmZTaBqE8,74wzfsTKJqw,oz14WlNe3vA"
Baker,-117.6675603,35.0421963,baker.json,"j_WpD8bKsuU,mYjtpy6vSmc,XtRS1UEIvkE"
Olancha,-117.999811836627,36.270251,olancha.json,"6SgdrE3rZjI,Zq7pouFASNU,0HfWvXs2ZnQ"
Cima,-115.4991601,35.2377644,cima.json,"9hiT6Lsw01c,TuEOVr-HvGY,skwl9axYSIE"
Amboy,-115.744441,34.5577721,amboy.json,"rM77zGtvdSQ,N5jP0Vz04UU,gizmlJvUWTM"
Independence,-118.205130028628,36.821987,independence.json,"vS1T4n3POZQ,Fd2MToyN3HQ,3V2JO24e9P8"
Lone Pine,-118.078359194897,36.583176,lone_pine.json,"cNyGv0Qmdtg,zUwaqzbaoCY,Ol28_Pq9BuY"
Tecopa,-116.216041513761,35.8465745,tecopa.json,"FiZgMgUFHvE,II50HdKDlbY,RXfciVXyU4Y"
Nipton,-115.2722139,35.4666593,nipton.json,"IxlqW6KLbOA,64ZBkuOJPpY,wORFYZswhuA"
Landers,-116.3930702,34.266114,landers.json,"lwW_J0vHOk0,1MJqqU8XcGE,k6DhwFvFXDA"
Newberry Springs,-116.6883643,34.8272104,newberry_springs.json,"kGFte2yG9tE,-48OxQpEmfo,urRwG8g0Lqw"
Shoshone,-116.312487151034,35.948652,shoshone.json,"PlwwOPYt9MY,2vEO27QMl7g,4vZn5G0kvMA"
Rancho Palos Verdes,-118.3707682,33.7483311,rancho_palos_verdes.json,"C1Bej8wDzII,SEYmWwlw3S8,OzN7A6r8jao"
Rolling Hills Estates,-118.3581283,33.7877943,rolling_hills_estates.json,"49qzz2XTJDY,44fbHx7P-t8,ZIIXkHvVcI4"
Palos Verdes Estates,-118.4018129,33.7872386,palos_verdes_estates.json,"H9N7ePfU9aQ,SigyehtZzLc,5QSgPlAMVeI"
Lomita,-118.3195013,33.8036545,lomita.json,"XuoREGL7y3E,yGnLtVW_h24,oJ8OZAoX_Y0"
Torrance,-118.3406287,33.8358492,torrance.json,"7GC1VLmJkWQ,uWIQz_vvx18,gxxDKST5wpI"
San Fernando,-118.4389718,34.2819461,san_fernando.json,"v4JhIZWAR0Q,V2Hjpd0MQuo,H55fDrFxDDk"
Carson,-118.2517546,33.8322043,carson.json,"8jKZ1_O1Cz4,zdcL0QFLDek,XVs8YGYqlno"
Avalon,-118.3272611,33.34221,avalon.json,"psr9j77AewY,QT1YJ8IPb2k,QuKR8fIUi_I"
Carnelian Bay,-120.0818586,39.2268512,carnelian_bay.json,"cqvOZkXr2hU,fDAh0AxoU-M,5dJ21UgHtPo"
Tahoe Vista,-120.051905176108,39.248688,tahoe_vista.json,"fX4ZXwW75mk,M0gY8i1qzyo,fDAh0AxoU-M"
Kings Beach,-120.0227479,39.2438568,kings_beach.json,"pDo9FaxwVTs,Aw28KkLQmzo,_7hZ1YwAomU"
Olympic Valley,-120.2284916,39.1995817,olympic_valley.json,"R2UegEmf2cc,1W_zM7koJy8,kVdjy2e8O4s"
Squaw Valley,-119.2467849,36.7402261,squaw_valley.json,"R2UegEmf2cc,C2d0toHyIVs,VmWIG23RvYo"
Spaulding,-120.0017079,37.505309,spaulding.json,"AZ901Y51byo,iQmPEI6OuHE,bowIU-kkQ68"
Tahoma,-120.1282438,39.0674074,tahoma.json,"DZROXWUCMjQ,j-zczJXSxnw,sy6HDrDUhmQ"
Markleeville,-119.831282157267,38.6671855,markleeville.json,"68ydwtEyIaE,24dcpn80yBE,1gdh0i9_7wA"
Hope Valley,-117.2669824,33.7647418,hope_valley.json,"wjyYHlqJBPI,otNseErEMsA,GZKOV34tnwk"
Lake Tahoe (California),-120.050511752934,39.0888982,lake_tahoe_(california).json,"vwe3QnSVTmU,ITU_WFTzkKg,GLWkMsckmkI"
Twin Bridges,-120.1238444,38.8103726,twin_bridges.json,"oU6uY0ZF788,M4WB6MLDUBo,mElF8sG-MxQ"
Kirkwood,-120.054509797594,38.690863,kirkwood.json,"OvXGh_Pv6qg,ONvcPwE1pDM,sKLyYvYOJBA"
Placerville,-120.7985459,38.7296252,placerville.json,"O7K2-l7-kD8,-89tMr3t9uc,DyX7SZMrhs4"
Camino,-120.6749301,38.7382366,camino.json,"RDfjXj5EGqI,o_8FNem9nF0,eyU3bRy2x44"
Fair Play,-120.6604854,38.5935173,fair_play.json,"AoTw8I2UnKk,UbOKf8FRXR0,7X_MRM7X9S4"
Pollock Pines,-120.577664368816,38.7497125,pollock_pines.json,"Ccbe88FBBQc,MORk4kDTEr0,DyX7SZMrhs4"
Somerset,-121.9911179,41.8523707,somerset.json,"TwhmZ9d35pg,hUjFVa_YQI8,3o3kNPUb2pg"
Plymouth,-120.8446589,38.4818531,plymouth.json,"amzAdq3Fli8,cdOl7M6zVGM,qDr_3t_lRxQ"
Fiddletown,-120.755489,38.5037966,fiddletown.json,"ceiswq6lTmk,5tYH8cv9sSo,Fz4LYeq-aW0"
Coloma,-120.8902159,38.7999014,coloma.json,"d_rJc-O2XF0,-89tMr3t9uc,SMUN93IyUbw"
Lotus,-120.90855,38.801568,lotus.json,"TBcy4OggZ-c,UpYgCihchCs,t3EAlJK1O0s"
Shingle Springs,-120.940276207826,38.671727,shingle_springs.json,"nv9_39dTggU,TRbfKEWzy2c,yZEOjan1l7M"
Drytown,-120.8543815,38.4410213,drytown.json,"6AzrMSPOXhg,N9rgmZCtgAQ,4T7-J1NkbLA"
Lincoln,-121.342391957924,38.8598295,lincoln.json,"9mzSNCRpxDo,hH2RweN0LAA,RkD3OBzQdGc"
El Dorado Hills,-121.059365948901,38.67950505,el_dorado_hills.json,"nv9_39dTggU,L8v7G0HrvOE"
Ione,-120.9327176,38.3526913,ione.json,"XMoNvdFVV9k,gurv1BM50DU,kGFte2yG9tE"
Rescue,-120.9513888,38.7116667,rescue.json,"IZbwOvo35Qg,SdeiUWncZCY,jyZHHuRKivM"
Rocklin,-121.2357827,38.7907339,rocklin.json,"mRGd4FMZNQA,MktInYdkjq0,-6-B7kEWUYI"
Folsom,-121.1760582,38.6779591,folsom.json,"6mVkia6Knhc,73FyWrnEVAs"
Loomis,-121.193004,38.8212889,loomis.json,"rJJz0tFdWJ8,wUnrLM8LCwg"
Newcastle,-121.1332805,38.8740658,newcastle.json,"00syfOiMnqM,v5fXYWHA824,Prw9ZvfXHfI"
Valley Springs,-120.807103832756,38.1847255,valley_springs.json,"nfMNGSXzaQc,lBaO7eus0iE,5fVd8Z94OLY"
Herald,-121.2443918,38.2957474,herald.json,"Htuqu1HjV7g,IkG5bcUQkuI,lgc7uqWcp-w"
Auburn,-121.0739896,38.8945939,auburn.json,"XApPrvs8ypQ,530-HJtLuMI,FT6zUcqu42Y"
Roseville,-121.185878161131,38.72338,roseville.json,"x_rW6e9YghE,Y-zq7h2hYlc"
San Andreas,-120.675382525556,38.1875605,san_andreas.json,"VLToBwIvwkc,Q0Eeh_efAn4,wGsX_aC5SJw"
Acampo,-121.2785587,38.1746398,acampo.json,"f-Vq5cE5AGs,Pvf_x5FczEc,I17ZalORvR8"
Sloughhouse,-121.1938359,38.4957417,sloughhouse.json,"-KpczTb_t9s,Cakjm10BlCw,f7QS_dxmbio"
Granite Bay,-121.185033445684,38.762173,granite_bay.json,"LH-P-wtHXQc,a7Ba5ywtavw,dVTq61kYRSM"
Lodi,-121.387849546574,38.097198,lodi.json,"aj7z1YzW8mQ,t3EAlJK1O0s,vdN1VhgQ6WE"
Gold River,-121.2474744899,38.6248445,gold_river.json,"tyYjFDAwor4,Jnol0CMV3ys,ziTHGolClWs"
Rancho Cordova,-121.3027279,38.5890723,rancho_cordova.json,"9rvfZhYvB1w,pGI8kV5_G40,fHJ9mM5Wqb8"
Citrus Heights,-121.281061,38.7071247,citrus_heights.json,"6RZ1QF-H_xQ,c5pbMoOIfOM"
Fair Oaks,-123.3413983,39.3784978,fair_oaks.json,"6oCoWTxxJYE,5HdaABDp64U,v4EdvR6gJXM"
Sacramento,-121.4943995,38.5815719,sacramento.json,"Yepamxpm8vU,IAdheXqxWk0,_ICrAbFhPT4"
West Sacramento,-121.5302339,38.5804609,west_sacramento.json,"Yepamxpm8vU,_ICrAbFhPT4,IAdheXqxWk0"
Carmichael,-121.32172308683,38.6275665,carmichael.json,"STFWUnKRoMk,503naHgqGMc,pGLoxaWdawg"
Nevada City,-121.0160593,39.2615606,nevada_city.json,"BOTzq5waEho,qfIT_5m-QQo,tyxpkNVvurk"
Grass Valley,-121.053122977412,39.2086655,grass_valley.json,"aN6ushQiM7A,PFmg7nUroDQ,SslGrL3mZ14"
North Highlands,-121.387953718046,38.6710975,north_highlands.json,"paaV3RQP_Q4,J5fcxdC84oM,kWnjI8e6KkM"
Woodland,-121.7733284,38.6786109,woodland.json,"imqWdNQOWGw,CTV10_J7QHI,m10yenBRPPk"
Clarksburg,-121.5271771,38.4204651,clarksburg.json,"dR49SlbKgTg,cZLT2RPrijQ,7u0iiPjlZXA"
Elk Grove,-121.3716177,38.4087993,elk_grove.json,"X_YLWLfH-Ak,Y94WRetHU0U,2S8d0P6zgGM"
Walnut Grove,-121.504773526118,38.2503075,walnut_grove.json,"FYwi-UO_uEI,kfmFbM0uW_A,83o1xqO06eo"
Galt,-121.2999484,38.2546373,galt.json,"GF8ERNlaB6U,GmsHucKeRsc,qCUlNLEQYyw"
Rio Vista,-121.6913438,38.1557502,rio_vista.json,"iz5pQWzrFA4,qQFiBxPxhuw"
Pittsburg,-121.8901231,38.0181745,pittsburg.json,"6VM0SH_3mF0,raxpOwPCwd4,skU4bUp8BR0"
Suisun City,-122.0402439,38.2382474,suisun_city.json,"hy1n6pQcNd4,utlJogQe114,8OQv3zLWnew"
Clayton,-121.9357924,37.9410341,clayton.json,"Gydr-xQkJrk,_Mn9vO1-IMU,2YOPcOzV4h0"
Antioch,-121.8057889,38.0049214,antioch.json,"MeL8YdeQC1I,HkJ-0j49I-w,beOw2y5MCRQ"
Vacaville,-121.9877443,38.3565773,vacaville.json,"scqftFllPe0,GmsHucKeRsc,VA3Q2xfaPME"
Concord,-122.0335623,37.9768525,concord.json,"87uETsrePyM,sOn-0y8Y6XE,1FuyYzIWOq8"
Fairfield,-122.0399662,38.2493581,fairfield.json,"WhpuT-y2S9g,ILaeoXnSgjo,hoQbGs0Zia0"
Foresthill,-120.825400633174,39.0019935,foresthill.json,
Georgetown,-120.830230470459,38.9072855,georgetown.json,"6Xx_l-EgA9M,4GPPjoJLAPQ,Vpw8aaN5eys"
Colfax,-120.940584258093,39.092034,colfax.json,"h04Q9WuuzbU,wcEDZZY6nMk,KPAiey_3oks"
Wheatland,-121.4230132,39.0098947,wheatland.json,"LsZ6ROPQx4w,4WToKJBQG3A,1d7JRPnlYnc"
Sutter,-121.6970879,38.9509675,sutter.json,"IAdheXqxWk0,Yepamxpm8vU,_ICrAbFhPT4"
Yuba City,-121.6169107,39.1404477,yuba_city.json,"VLWkDIEKjxk,kcP_Tk91Teo"
Colusa,-122.2209562,39.1465578,colusa.json,"OnHab_bsRhM,freYj5zTJ1o,5fdjE7YYN_Q"
Butte City,-121.989975,39.4646072,butte_city.json,"ORDB4_FBt0E,oNsEezSXG_w,qC3dwQ58w6E"
Willows,-122.1935309,39.5233276,willows.json,"33vFJ9GB1Pg,lrV-rHl6TMg,K_yFwttPAsY"
Williams,-122.1494186,39.1546137,williams.json,"zqbpdsPZyBc,CVCqiPnP5KI,hzplkXVRnrg"
Marysville,-121.5913515,39.1457247,marysville.json,"ILaeoXnSgjo,F81eQKtdtZE,T5vahhmztnw"
Corning,-122.1791555,39.9276572,corning.json,"LBOCk8HKSvc,6lQ0BKGEkYQ,al7Rhabht3A"
Orland,-122.1911355,39.7471106,orland.json,"oAnEB3ZZ35Q,LfCsOwMc3hk,9XzAbHH57xE"
Oroville,-121.5563589,39.5137752,oroville.json,"qu4ldznD7b8,s0BXEt85dSU,pRGngSVnzuM"
Penn Valley,-121.192636653122,39.1948165,penn_valley.json,"8xUIVpELBgs,Fb-yljTdL_Q,bUt_ZSkqL54"
Vina,-120.11044,36.8805022,vina.json,"wcyptfGDg_s,pVLGwXilJ6Y,skNoslm5jXo"
Chico,-121.8374776,39.7284945,chico.json,"K9-V0CxLPJA,5HNLg2swwzM,q1RFzGKWRqI"
Paradise,-121.6219176,39.7596061,paradise.json,"HnEvsQFHWIc,UcB8EhqP4Uk,Jw37gQlUUOc"
Fallen Leaf,-120.0726845,38.8829632,fallen_leaf.json,"7t3xBqAWLaU,kCyeLJu4jmc,zgn9iof8_VQ"
Signal Hill,-118.1676041,33.8043856,signal_hill.json,"tsXACMdwgA8,vLYyxmZl1hw,CAPWkeqDswA"
Manhattan Beach,-118.4000146,33.8950839,manhattan_beach.json,"ADIld9KsJBA,M_VZ9WVuxI0,SgYedflCuxA"
Downey,-118.1325687,33.9400143,downey.json,"FrCleCjn1eo,Rg1AS_PVBSs,aWpTH6Avrxs"
Lake Los Angeles,-117.840395413977,34.6127395,lake_los_angeles.json,"PCdDZ8RD5k0,Z6qbyzMKNeI,xEfmjaDOHck"
Cloverdale,-123.0172226,38.8054624,cloverdale.json,"W6WrblTk-is,oj6YrR1iNbg,rWujxdxC8sc"
Hopland,-123.1163917,38.9729542,hopland.json,"MS_5PZD2EO0,RSg-x1z6uQw,u4kk0O5Ns1A"
Ukiah,-123.207786,39.1501662,ukiah.json,"MEngOMo6QbI,0Wj4s6itwv4,8RA9X7CV7gM"
Redwood Valley,-123.2044495,39.2654449,redwood_valley.json,"K9-V0CxLPJA,PCdDZ8RD5k0,Li2bzQHGw9o"
Boonville,-123.366111,39.0091667,boonville.json,"0pcRvlaBqzY,qrqa5T8PSdk,qK-7G2Lhfl0"
Comptche,-123.5911223,39.2648954,comptche.json,"polI6vDvqvk,msascvq99cY"
Willits,-123.3555601,39.4096043,willits.json,"EPb9Fr63rBU,N7G6_zafzYU,jynasJ57nFs"
Philo,-123.4450092,39.0657324,philo.json,"XM4VRltE4_U,WP1EBT1_ts0,90NHaAbmsc0"
Mendocino,-123.4126398,39.3176491,mendocino.json,"MEngOMo6QbI,hgGFfApwGNk,0Wj4s6itwv4"
Little River,-123.7883472,39.2707318,little_river.json,"lhsBhZgKguA,zRrJcNCgO_Q,eoMdra_f2kM"
Caspar,-123.8158487,39.3635049,caspar.json,"y32nc7sB9VI,L7oWtfEDWU0,uGKW1TyEwnQ"
Albion,-123.768625,39.2235117,albion.json,"oQI_LVNKAQ8,DW5_Mv29OHA,PjHBy-GtAHE"
Fort Bragg,-123.802699105743,39.4447345,fort_bragg.json,"LqVwTgiXrs4,oqKnTXNrWZs,3pEtBWpPA9E"
Yorkville,-123.2144506,38.8979586,yorkville.json,"oC0wtQQScxU,FY3-6f6cHPk,cr11b1E4ULg"
Freestone,-122.9155515,38.3724152,freestone.json,"5cV9aqNToFI,vvblcA0Ri9w,7b7VRSJBMaM"
Jenner,-123.1155587,38.4496365,jenner.json,"iU3URpUzsk0,6mak45z8jEE,qNHlB7sjU0M"
Sea Ranch,-123.4544531,38.7151899,sea_ranch.json,"SBke8EpBuoo,DODRAplqxrY,2xMoG8XgyzA"
Gualala,-123.529828,38.7674439,gualala.json,"YXFXhuTa71E,xEfmjaDOHck,7oGMMKlnHrU"
Point Arena,-123.6930725,38.908798,point_arena.json,"0XCkoPVWjk8,sLEFoNMGuLo,nBq6Pfzjrvc"
Occidental,-122.931263151282,38.4010855,occidental.json,"uohkFpqNu8k,tByuvfKiw0E,LkKBXej4xr0"
Petaluma,-122.613693402033,38.295411,petaluma.json,"cZnwxD6N6Oo,XjTGAY3SncY"
Novato,-122.568119,38.1061979,novato.json,"meIktVQsi4o,rF32jbgH2J4,y9gByWGeqNQ"
Nicasio,-122.6985974,38.0615885,nicasio.json,"qahb3MNSfo0,aCI1wXH7KBw,rpBwFdClPXY"
Forest Knolls,-121.005225,39.2382274,forest_knolls.json,"vUAISRa_Hxo,RjsgroKAl6s,sGwN00Fvack"
Bolinas,-122.6863732,37.9093702,bolinas.json,"JlDjKfVALMo,EEDym6rPbKU,UQ9QlSbzxRk"
Lagunitas,-122.7022084,38.011312,lagunitas.json,"e49wDoqmHt4,RUw2qmI4ooM,4QUqT9IYDiw"
San Rafael,-122.5310873,37.9735346,san_rafael.json,"aj3bgQb3tFY,lsAi6h93f9A,5_iEHS9NYVs"
San Anselmo,-122.5615031,37.9744323,san_anselmo.json,"525ZMOFnmOs,0qLHmIorCVM,JbtS66VPq9g"
Point Reyes Station,-122.814380617941,38.087933,point_reyes_station.json,"PSbup0wW0go,r8y0W_DosjY"
Ross,-122.5549774,37.9624239,ross.json,"EQevcf1CkQM,VOLJxYuWo4c,Dqq7-YJuHkk"
Olema,-122.7880458,38.0407566,olema.json,"OimAEdj7Qa0,XVok_GUeSk4,Np6xF8dmX0k"
Inverness,-122.845358417249,38.080911,inverness.json,"zAapkGSvebE,ysf2RfTbv-U,rvhd8nXgCSk"
Fairfax,-122.5879673,37.9872935,fairfax.json,"BmwiXgT65dU,33iIPxQCg_4,oHncbi1UzgA"
Marshall,-122.8941618,38.1604766,marshall.json,"xRF66vVO16Y,d3UEsUEO5No,qjanHPgHs_k"
Dillon Beach,-122.95520913129,38.2481035,dillon_beach.json,"nzubwFM1YF8,e53KDAIVc4s,VOZ0XuNlR2Q"
Tomales,-122.906304510241,38.2468075,tomales.json,"ZOUB-Xkl5c4,xEfmjaDOHck,EOi1WYStaV0"
Orinda,-122.1796887,37.8771476,orinda.json,"c_WEWZlaBlE,TcJ1CFhX5Vw,wc-9aQZ7OE8"
Berkeley,-122.2728638,37.8708393,berkeley.json,"lh4b6D14pAs,bA9k2E0FsTE,ifv_ktmbMUk"
Emeryville,-122.2865265,37.8314089,emeryville.json,"FmefDD_xVDo,0yqXRW6fw98,SmzCSzaprVQ"
Albany,-122.2977474,37.88687,albany.json,"Oc60tzQxkpM,LtNI_rxQYYQ,4SdzKgCOa-0"
El Cerrito,-122.3014109,37.9154056,el_cerrito.json,"2NPQYNg7RTY,Hbt_Af5mfTM,BJWv7FtWJtE"
Richmond,-122.3477485,37.9357576,richmond.json,"FvPBhrxp-x4,ZqIcxXbukWs,7ngHhWAFzBc"
El Sobrante,-122.2949893,37.9774476,el_sobrante.json,"d72eUpT0zwc,nPERLX3dg-A,I5x9LxH2d08"
Hercules,-122.2885807,38.0171441,hercules.json,"wkIHb0w51w8,K3HhTsBRfXI,YVMLueil9jA"
San Pablo,-122.3455262,37.9621457,san_pablo.json,"adcKWvSewIc,Il_KGsw2miI,oPDGfYCqDYM"
Pacheco,-122.0752412,37.9835332,pacheco.json,"Crm_YngYG9g,i-d6aedt8vE,T8NR_PPJXJU"
Lafayette,-122.11802,37.8857582,lafayette.json,"ZXmk9Jp23U4,6l_DJx4izSY,8YMd9mxQf18"
